YouTube Video ID,Match ID,Date,Stage,Player 1 Ringname,Player 1 Rank,Player 1 Character,Player 2 Ringname,Player 2 Rank,Player 2 Character,round_number,Winning Player Number,How Round Ended,Time Remaining When Round Ended,Shun.Drinks.1P,Shun.Drinks.2P,Strike First Player,P1 Health,P2 Health,P1 Rounds Won So Far,P2 Rounds Won So Far,Match Winner,Youtube Link
,0a922e50f9f9a3e650e322dd3d96f0e5,2025/02/09,Aurora,MediocreRyden,22,Vanessa,Myke623,21,Kage,0,0,NA,0,,,https://www.youtube.com/watch?v=None&t=1
,0a922e50f9f9a3e650e322dd3d96f0e5,2025/02/09,Aurora,MediocreRyden,22,Vanessa,Myke623,21,Kage,1,1,,45,0,0,2,100,100,0,0,2,https://www.youtube.com/watch?v=None&t=0
,0a922e50f9f9a3e650e322dd3d96f0e5,2025/02/09,Aurora,MediocreRyden,22,Vanessa,Myke623,21,Kage,1,1,,44,0,0,2,100,100,0,0,2,https://www.youtube.com/watch?v=None&t=0
,0a922e50f9f9a3e650e322dd3d96f0e5,2025/02/09,Aurora,MediocreRyden,22,Vanessa,Myke623,21,Kage,1,1,,44,0,0,2,86,100,0,0,2,https://www.youtube.com/watch?v=None&t=0
,0a922e50f9f9a3e650e322dd3d96f0e5,2025/02/09,Aurora,MediocreRyden,22,Vanessa,Myke623,21,Kage,1,1,,44,0,0,2,86,100,0,0,2,https://www.youtube.com/watch?v=None&t=0
,0a922e50f9f9a3e650e322dd3d96f0e5,2025/02/09,Aurora,MediocreRyden,22,Vanessa,Myke623,21,Kage,1,1,,43,0,0,2,80,100,0,0,2,https://www.youtube.com/watch?v=None&t=0
,0a922e50f9f9a3e650e322dd3d96f0e5,2025/02/09,Aurora,MediocreRyden,22,Vanessa,Myke623,21,Kage,1,1,,43,0,0,2,73,100,0,0,2,https://www.youtube.com/watch?v=None&t=0
,0a922e50f9f9a3e650e322dd3d96f0e5,2025/02/09,Aurora,MediocreRyden,22,Vanessa,Myke623,21,Kage,1,1,,43,0,0,2,73,100,0,0,2,https://www.youtube.com/watch?v=None&t=0
,0a922e50f9f9a3e650e322dd3d96f0e5,2025/02/09,Aurora,MediocreRyden,22,Vanessa,Myke623,21,Kage,1,1,,42,0,0,2,73,100,0,0,2,https://www.youtube.com/watch?v=None&t=0
,0a922e50f9f9a3e650e322dd3d96f0e5,2025/02/09,Aurora,MediocreRyden,22,Vanessa,Myke623,21,Kage,1,1,,42,0,0,2,73,100,0,0,2,https://www.youtube.com/watch?v=None&t=0
,0a922e50f9f9a3e650e322dd3d96f0e5,2025/02/09,Aurora,MediocreRyden,22,Vanessa,Myke623,21,Kage,1,1,,42,0,0,2,73,100,0,0,2,https://www.youtube.com/watch?v=None&t=0
,0a922e50f9f9a3e650e322dd3d96f0e5,2025/02/09,Aurora,MediocreRyden,22,Vanessa,Myke623,21,Kage,1,1,,42,0,0,2,75,100,0,0,2,https://www.youtube.com/watch?v=None&t=0
,0a922e50f9f9a3e650e322dd3d96f0e5,2025/02/09,Aurora,MediocreRyden,22,Vanessa,Myke623,21,Kage,1,1,,41,0,0,2,75,100,0,0,2,https://www.youtube.com/watch?v=None&t=0
,0a922e50f9f9a3e650e322dd3d96f0e5,2025/02/09,Aurora,MediocreRyden,22,Vanessa,Myke623,21,Kage,1,1,,41,0,0,2,75,100,0,0,2,https://www.youtube.com/watch?v=None&t=0
,0a922e50f9f9a3e650e322dd3d96f0e5,2025/02/09,Aurora,MediocreRyden,22,Vanessa,Myke623,21,Kage,1,1,,41,0,0,2,75,100,0,0,2,https://www.youtube.com/watch?v=None&t=0
,0a922e50f9f9a3e650e322dd3d96f0e5,2025/02/09,Aurora,MediocreRyden,22,Vanessa,Myke623,21,Kage,1,1,,41,0,0,2,75,100,0,0,2,https://www.youtube.com/watch?v=None&t=0
,0a922e50f9f9a3e650e322dd3d96f0e5,2025/02/09,Aurora,MediocreRyden,22,Vanessa,Myke623,21,Kage,1,1,,41,0,0,2,75,100,0,0,2,https://www.youtube.com/watch?v=None&t=0
,0a922e50f9f9a3e650e322dd3d96f0e5,2025/02/09,Aurora,MediocreRyden,22,Vanessa,Myke623,21,Kage,1,1,,41,0,0,2,75,100,0,0,2,https://www.youtube.com/watch?v=None&t=0
,0a922e50f9f9a3e650e322dd3d96f0e5,2025/02/09,Aurora,MediocreRyden,22,Vanessa,Myke623,21,Kage,1,1,,41,0,0,2,75,100,0,0,2,https://www.youtube.com/watch?v=None&t=0
,0a922e50f9f9a3e650e322dd3d96f0e5,2025/02/09,Aurora,MediocreRyden,22,Vanessa,Myke623,21,Kage,1,1,,41,0,0,2,75,100,0,0,2,https://www.youtube.com/watch?v=None&t=0
,0a922e50f9f9a3e650e322dd3d96f0e5,2025/02/09,Aurora,MediocreRyden,22,Vanessa,Myke623,21,Kage,1,1,,41,0,0,2,75,100,0,0,2,https://www.youtube.com/watch?v=None&t=0
,0a922e50f9f9a3e650e322dd3d96f0e5,2025/02/09,Aurora,MediocreRyden,22,Vanessa,Myke623,21,Kage,1,1,,41,0,0,2,75,100,0,0,2,https://www.youtube.com/watch?v=None&t=0
,0a922e50f9f9a3e650e322dd3d96f0e5,2025/02/09,Aurora,MediocreRyden,22,Vanessa,Myke623,21,Kage,1,1,,41,0,0,2,75,92,0,0,2,https://www.youtube.com/watch?v=None&t=0
,0a922e50f9f9a3e650e322dd3d96f0e5,2025/02/09,Aurora,MediocreRyden,22,Vanessa,Myke623,21,Kage,1,1,,40,0,0,2,75,92,0,0,2,https://www.youtube.com/watch?v=None&t=0
,0a922e50f9f9a3e650e322dd3d96f0e5,2025/02/09,Aurora,MediocreRyden,22,Vanessa,Myke623,21,Kage,1,1,,40,0,0,2,75,93,0,0,2,https://www.youtube.com/watch?v=None&t=0
,0a922e50f9f9a3e650e322dd3d96f0e5,2025/02/09,Aurora,MediocreRyden,22,Vanessa,Myke623,21,Kage,1,1,,40,0,0,2,75,92,0,0,2,https://www.youtube.com/watch?v=None&t=0
,0a922e50f9f9a3e650e322dd3d96f0e5,2025/02/09,Aurora,MediocreRyden,22,Vanessa,Myke623,21,Kage,1,1,,40,0,0,2,75,92,0,0,2,https://www.youtube.com/watch?v=None&t=0
,0a922e50f9f9a3e650e322dd3d96f0e5,2025/02/09,Aurora,MediocreRyden,22,Vanessa,Myke623,21,Kage,1,1,,40,0,0,2,75,92,0,0,2,https://www.youtube.com/watch?v=None&t=0
,0a922e50f9f9a3e650e322dd3d96f0e5,2025/02/09,Aurora,MediocreRyden,22,Vanessa,Myke623,21,Kage,1,1,,40,0,0,2,75,92,0,0,2,https://www.youtube.com/watch?v=None&t=0
,0a922e50f9f9a3e650e322dd3d96f0e5,2025/02/09,Aurora,MediocreRyden,22,Vanessa,Myke623,21,Kage,1,1,,40,0,0,2,69,92,0,0,2,https://www.youtube.com/watch?v=None&t=0
,0a922e50f9f9a3e650e322dd3d96f0e5,2025/02/09,Aurora,MediocreRyden,22,Vanessa,Myke623,21,Kage,1,1,,40,0,0,2,69,92,0,0,2,https://www.youtube.com/watch?v=None&t=0
,0a922e50f9f9a3e650e322dd3d96f0e5,2025/02/09,Aurora,MediocreRyden,22,Vanessa,Myke623,21,Kage,1,1,,40,0,0,2,69,92,0,0,2,https://www.youtube.com/watch?v=None&t=0
,0a922e50f9f9a3e650e322dd3d96f0e5,2025/02/09,Aurora,MediocreRyden,22,Vanessa,Myke623,21,Kage,1,1,,40,0,0,2,69,92,0,0,2,https://www.youtube.com/watch?v=None&t=0
,0a922e50f9f9a3e650e322dd3d96f0e5,2025/02/09,Aurora,MediocreRyden,22,Vanessa,Myke623,21,Kage,1,1,,40,0,0,2,69,92,0,0,2,https://www.youtube.com/watch?v=None&t=0
,0a922e50f9f9a3e650e322dd3d96f0e5,2025/02/09,Aurora,MediocreRyden,22,Vanessa,Myke623,21,Kage,1,1,,39,0,0,2,69,92,0,0,2,https://www.youtube.com/watch?v=None&t=0
,0a922e50f9f9a3e650e322dd3d96f0e5,2025/02/09,Aurora,MediocreRyden,22,Vanessa,Myke623,21,Kage,1,1,,39,0,0,2,70,92,0,0,2,https://www.youtube.com/watch?v=None&t=0
,0a922e50f9f9a3e650e322dd3d96f0e5,2025/02/09,Aurora,MediocreRyden,22,Vanessa,Myke623,21,Kage,1,1,,39,0,0,2,69,92,0,0,2,https://www.youtube.com/watch?v=None&t=0
,0a922e50f9f9a3e650e322dd3d96f0e5,2025/02/09,Aurora,MediocreRyden,22,Vanessa,Myke623,21,Kage,1,1,,39,0,0,2,69,92,0,0,2,https://www.youtube.com/watch?v=None&t=0
,0a922e50f9f9a3e650e322dd3d96f0e5,2025/02/09,Aurora,MediocreRyden,22,Vanessa,Myke623,21,Kage,1,1,,39,0,0,2,69,92,0,0,2,https://www.youtube.com/watch?v=None&t=0
,0a922e50f9f9a3e650e322dd3d96f0e5,2025/02/09,Aurora,MediocreRyden,22,Vanessa,Myke623,21,Kage,1,1,,39,0,0,2,69,92,0,0,2,https://www.youtube.com/watch?v=None&t=0
,0a922e50f9f9a3e650e322dd3d96f0e5,2025/02/09,Aurora,MediocreRyden,22,Vanessa,Myke623,21,Kage,1,1,,39,0,0,2,69,92,0,0,2,https://www.youtube.com/watch?v=None&t=0
,0a922e50f9f9a3e650e322dd3d96f0e5,2025/02/09,Aurora,MediocreRyden,22,Vanessa,Myke623,21,Kage,1,1,,39,0,0,2,69,92,0,0,2,https://www.youtube.com/watch?v=None&t=0
,0a922e50f9f9a3e650e322dd3d96f0e5,2025/02/09,Aurora,MediocreRyden,22,Vanessa,Myke623,21,Kage,1,1,,39,0,0,2,69,92,0,0,2,https://www.youtube.com/watch?v=None&t=0
,0a922e50f9f9a3e650e322dd3d96f0e5,2025/02/09,Aurora,MediocreRyden,22,Vanessa,Myke623,21,Kage,1,1,,39,0,0,2,69,92,0,0,2,https://www.youtube.com/watch?v=None&t=0
,0a922e50f9f9a3e650e322dd3d96f0e5,2025/02/09,Aurora,MediocreRyden,22,Vanessa,Myke623,21,Kage,1,1,,39,0,0,2,69,92,0,0,2,https://www.youtube.com/watch?v=None&t=0
,0a922e50f9f9a3e650e322dd3d96f0e5,2025/02/09,Aurora,MediocreRyden,22,Vanessa,Myke623,21,Kage,1,1,,38,0,0,2,69,75,0,0,2,https://www.youtube.com/watch?v=None&t=0
,0a922e50f9f9a3e650e322dd3d96f0e5,2025/02/09,Aurora,MediocreRyden,22,Vanessa,Myke623,21,Kage,1,1,,38,0,0,2,68,75,0,0,2,https://www.youtube.com/watch?v=None&t=0
,0a922e50f9f9a3e650e322dd3d96f0e5,2025/02/09,Aurora,MediocreRyden,22,Vanessa,Myke623,21,Kage,1,1,,38,0,0,2,68,64,0,0,2,https://www.youtube.com/watch?v=None&t=0
,0a922e50f9f9a3e650e322dd3d96f0e5,2025/02/09,Aurora,MediocreRyden,22,Vanessa,Myke623,21,Kage,1,1,,38,0,0,2,67,64,0,0,2,https://www.youtube.com/watch?v=None&t=0
,0a922e50f9f9a3e650e322dd3d96f0e5,2025/02/09,Aurora,MediocreRyden,22,Vanessa,Myke623,21,Kage,1,1,,37,0,0,2,67,63,0,0,2,https://www.youtube.com/watch?v=None&t=0
,0a922e50f9f9a3e650e322dd3d96f0e5,2025/02/09,Aurora,MediocreRyden,22,Vanessa,Myke623,21,Kage,1,1,,37,0,0,2,67,64,0,0,2,https://www.youtube.com/watch?v=None&t=0
,0a922e50f9f9a3e650e322dd3d96f0e5,2025/02/09,Aurora,MediocreRyden,22,Vanessa,Myke623,21,Kage,1,1,,37,0,0,2,68,66,0,0,2,https://www.youtube.com/watch?v=None&t=0
,0a922e50f9f9a3e650e322dd3d96f0e5,2025/02/09,Aurora,MediocreRyden,22,Vanessa,Myke623,21,Kage,1,1,,37,0,0,2,69,67,0,0,2,https://www.youtube.com/watch?v=None&t=0
,0a922e50f9f9a3e650e322dd3d96f0e5,2025/02/09,Aurora,MediocreRyden,22,Vanessa,Myke623,21,Kage,1,1,,37,0,0,2,69,67,0,0,2,https://www.youtube.com/watch?v=None&t=0
,0a922e50f9f9a3e650e322dd3d96f0e5,2025/02/09,Aurora,MediocreRyden,22,Vanessa,Myke623,21,Kage,1,1,,36,0,0,2,69,67,0,0,2,https://www.youtube.com/watch?v=None&t=0
,0a922e50f9f9a3e650e322dd3d96f0e5,2025/02/09,Aurora,MediocreRyden,22,Vanessa,Myke623,21,Kage,1,1,,36,0,0,2,69,67,0,0,2,https://www.youtube.com/watch?v=None&t=0
,0a922e50f9f9a3e650e322dd3d96f0e5,2025/02/09,Aurora,MediocreRyden,22,Vanessa,Myke623,21,Kage,1,1,,36,0,0,2,69,67,0,0,2,https://www.youtube.com/watch?v=None&t=0
,0a922e50f9f9a3e650e322dd3d96f0e5,2025/02/09,Aurora,MediocreRyden,22,Vanessa,Myke623,21,Kage,1,1,,36,0,0,2,69,49,0,0,2,https://www.youtube.com/watch?v=None&t=0
,0a922e50f9f9a3e650e322dd3d96f0e5,2025/02/09,Aurora,MediocreRyden,22,Vanessa,Myke623,21,Kage,1,1,,36,0,0,2,69,49,0,0,2,https://www.youtube.com/watch?v=None&t=0
,0a922e50f9f9a3e650e322dd3d96f0e5,2025/02/09,Aurora,MediocreRyden,22,Vanessa,Myke623,21,Kage,1,1,,36,0,0,2,69,49,0,0,2,https://www.youtube.com/watch?v=None&t=0
,0a922e50f9f9a3e650e322dd3d96f0e5,2025/02/09,Aurora,MediocreRyden,22,Vanessa,Myke623,21,Kage,1,1,,36,0,0,2,69,49,0,0,2,https://www.youtube.com/watch?v=None&t=0
,0a922e50f9f9a3e650e322dd3d96f0e5,2025/02/09,Aurora,MediocreRyden,22,Vanessa,Myke623,21,Kage,1,1,,35,0,0,2,69,49,0,0,2,https://www.youtube.com/watch?v=None&t=0
,0a922e50f9f9a3e650e322dd3d96f0e5,2025/02/09,Aurora,MediocreRyden,22,Vanessa,Myke623,21,Kage,1,1,,35,0,0,2,69,49,0,0,2,https://www.youtube.com/watch?v=None&t=0
,0a922e50f9f9a3e650e322dd3d96f0e5,2025/02/09,Aurora,MediocreRyden,22,Vanessa,Myke623,21,Kage,1,1,,35,0,0,2,69,49,0,0,2,https://www.youtube.com/watch?v=None&t=0
,0a922e50f9f9a3e650e322dd3d96f0e5,2025/02/09,Aurora,MediocreRyden,22,Vanessa,Myke623,21,Kage,1,1,,35,0,0,2,69,49,0,0,2,https://www.youtube.com/watch?v=None&t=0
,0a922e50f9f9a3e650e322dd3d96f0e5,2025/02/09,Aurora,MediocreRyden,22,Vanessa,Myke623,21,Kage,1,1,,35,0,0,2,69,49,0,0,2,https://www.youtube.com/watch?v=None&t=0
,0a922e50f9f9a3e650e322dd3d96f0e5,2025/02/09,Aurora,MediocreRyden,22,Vanessa,Myke623,21,Kage,1,1,,35,0,0,2,69,49,0,0,2,https://www.youtube.com/watch?v=None&t=0
,0a922e50f9f9a3e650e322dd3d96f0e5,2025/02/09,Aurora,MediocreRyden,22,Vanessa,Myke623,21,Kage,1,1,,35,0,0,2,69,49,0,0,2,https://www.youtube.com/watch?v=None&t=0
,0a922e50f9f9a3e650e322dd3d96f0e5,2025/02/09,Aurora,MediocreRyden,22,Vanessa,Myke623,21,Kage,1,1,,35,0,0,2,69,49,0,0,2,https://www.youtube.com/watch?v=None&t=0
,0a922e50f9f9a3e650e322dd3d96f0e5,2025/02/09,Aurora,MediocreRyden,22,Vanessa,Myke623,21,Kage,1,1,,35,0,0,2,69,49,0,0,2,https://www.youtube.com/watch?v=None&t=0
,0a922e50f9f9a3e650e322dd3d96f0e5,2025/02/09,Aurora,MediocreRyden,22,Vanessa,Myke623,21,Kage,1,1,,35,0,0,2,69,49,0,0,2,https://www.youtube.com/watch?v=None&t=0
,0a922e50f9f9a3e650e322dd3d96f0e5,2025/02/09,Aurora,MediocreRyden,22,Vanessa,Myke623,21,Kage,1,1,,34,0,0,2,69,29,0,0,2,https://www.youtube.com/watch?v=None&t=0
,0a922e50f9f9a3e650e322dd3d96f0e5,2025/02/09,Aurora,MediocreRyden,22,Vanessa,Myke623,21,Kage,1,1,,34,0,0,2,69,27,0,0,2,https://www.youtube.com/watch?v=None&t=0
,0a922e50f9f9a3e650e322dd3d96f0e5,2025/02/09,Aurora,MediocreRyden,22,Vanessa,Myke623,21,Kage,1,1,,34,0,0,2,69,25,0,0,2,https://www.youtube.com/watch?v=None&t=0
,0a922e50f9f9a3e650e322dd3d96f0e5,2025/02/09,Aurora,MediocreRyden,22,Vanessa,Myke623,21,Kage,1,1,,34,0,0,2,69,24,0,0,2,https://www.youtube.com/watch?v=None&t=0
,0a922e50f9f9a3e650e322dd3d96f0e5,2025/02/09,Aurora,MediocreRyden,22,Vanessa,Myke623,21,Kage,1,1,,34,0,0,2,69,23,0,0,2,https://www.youtube.com/watch?v=None&t=0
,0a922e50f9f9a3e650e322dd3d96f0e5,2025/02/09,Aurora,MediocreRyden,22,Vanessa,Myke623,21,Kage,1,1,,34,0,0,2,69,22,0,0,2,https://www.youtube.com/watch?v=None&t=0
,0a922e50f9f9a3e650e322dd3d96f0e5,2025/02/09,Aurora,MediocreRyden,22,Vanessa,Myke623,21,Kage,1,1,,34,0,0,2,69,22,0,0,2,https://www.youtube.com/watch?v=None&t=0
,0a922e50f9f9a3e650e322dd3d96f0e5,2025/02/09,Aurora,MediocreRyden,22,Vanessa,Myke623,21,Kage,1,1,,34,0,0,2,69,22,0,0,2,https://www.youtube.com/watch?v=None&t=0
,0a922e50f9f9a3e650e322dd3d96f0e5,2025/02/09,Aurora,MediocreRyden,22,Vanessa,Myke623,21,Kage,1,1,,34,0,0,2,69,18,0,0,2,https://www.youtube.com/watch?v=None&t=0
,0a922e50f9f9a3e650e322dd3d96f0e5,2025/02/09,Aurora,MediocreRyden,22,Vanessa,Myke623,21,Kage,1,1,,33,0,0,2,69,19,0,0,2,https://www.youtube.com/watch?v=None&t=0
,0a922e50f9f9a3e650e322dd3d96f0e5,2025/02/09,Aurora,MediocreRyden,22,Vanessa,Myke623,21,Kage,1,1,,33,0,0,2,69,19,0,0,2,https://www.youtube.com/watch?v=None&t=0
,0a922e50f9f9a3e650e322dd3d96f0e5,2025/02/09,Aurora,MediocreRyden,22,Vanessa,Myke623,21,Kage,1,1,,33,0,0,2,69,18,0,0,2,https://www.youtube.com/watch?v=None&t=0
,0a922e50f9f9a3e650e322dd3d96f0e5,2025/02/09,Aurora,MediocreRyden,22,Vanessa,Myke623,21,Kage,1,1,,33,0,0,2,69,18,0,0,2,https://www.youtube.com/watch?v=None&t=0
,0a922e50f9f9a3e650e322dd3d96f0e5,2025/02/09,Aurora,MediocreRyden,22,Vanessa,Myke623,21,Kage,1,1,,33,0,0,2,69,18,0,0,2,https://www.youtube.com/watch?v=None&t=0
,0a922e50f9f9a3e650e322dd3d96f0e5,2025/02/09,Aurora,MediocreRyden,22,Vanessa,Myke623,21,Kage,1,1,,33,0,0,2,69,18,0,0,2,https://www.youtube.com/watch?v=None&t=0
,0a922e50f9f9a3e650e322dd3d96f0e5,2025/02/09,Aurora,MediocreRyden,22,Vanessa,Myke623,21,Kage,1,1,,33,0,0,2,68,12,0,0,2,https://www.youtube.com/watch?v=None&t=0
,0a922e50f9f9a3e650e322dd3d96f0e5,2025/02/09,Aurora,MediocreRyden,22,Vanessa,Myke623,21,Kage,1,1,,33,0,0,2,68,12,0,0,2,https://www.youtube.com/watch?v=None&t=0
,0a922e50f9f9a3e650e322dd3d96f0e5,2025/02/09,Aurora,MediocreRyden,22,Vanessa,Myke623,21,Kage,1,1,,33,0,0,2,68,12,0,0,2,https://www.youtube.com/watch?v=None&t=0
,0a922e50f9f9a3e650e322dd3d96f0e5,2025/02/09,Aurora,MediocreRyden,22,Vanessa,Myke623,21,Kage,1,1,,33,0,0,2,67,12,0,0,2,https://www.youtube.com/watch?v=None&t=0
,0a922e50f9f9a3e650e322dd3d96f0e5,2025/02/09,Aurora,MediocreRyden,22,Vanessa,Myke623,21,Kage,1,1,,32,0,0,2,67,12,0,0,2,https://www.youtube.com/watch?v=None&t=0
,0a922e50f9f9a3e650e322dd3d96f0e5,2025/02/09,Aurora,MediocreRyden,22,Vanessa,Myke623,21,Kage,1,1,,32,0,0,2,67,12,0,0,2,https://www.youtube.com/watch?v=None&t=0
,0a922e50f9f9a3e650e322dd3d96f0e5,2025/02/09,Aurora,MediocreRyden,22,Vanessa,Myke623,21,Kage,1,1,,32,0,0,2,66,12,0,0,2,https://www.youtube.com/watch?v=None&t=0
,0a922e50f9f9a3e650e322dd3d96f0e5,2025/02/09,Aurora,MediocreRyden,22,Vanessa,Myke623,21,Kage,1,1,,32,0,0,2,66,12,0,0,2,https://www.youtube.com/watch?v=None&t=0
,0a922e50f9f9a3e650e322dd3d96f0e5,2025/02/09,Aurora,MediocreRyden,22,Vanessa,Myke623,21,Kage,1,1,,32,0,0,2,66,12,0,0,2,https://www.youtube.com/watch?v=None&t=0
,0a922e50f9f9a3e650e322dd3d96f0e5,2025/02/09,Aurora,MediocreRyden,22,Vanessa,Myke623,21,Kage,1,1,,32,0,0,2,68,12,0,0,2,https://www.youtube.com/watch?v=None&t=0
,0a922e50f9f9a3e650e322dd3d96f0e5,2025/02/09,Aurora,MediocreRyden,22,Vanessa,Myke623,21,Kage,1,1,,31,0,0,2,69,12,0,0,2,https://www.youtube.com/watch?v=None&t=0
,0a922e50f9f9a3e650e322dd3d96f0e5,2025/02/09,Aurora,MediocreRyden,22,Vanessa,Myke623,21,Kage,1,1,,31,0,0,2,69,12,0,0,2,https://www.youtube.com/watch?v=None&t=0
,0a922e50f9f9a3e650e322dd3d96f0e5,2025/02/09,Aurora,MediocreRyden,22,Vanessa,Myke623,21,Kage,1,1,,31,0,0,2,65,12,0,0,2,https://www.youtube.com/watch?v=None&t=0
,0a922e50f9f9a3e650e322dd3d96f0e5,2025/02/09,Aurora,MediocreRyden,22,Vanessa,Myke623,21,Kage,1,1,,31,0,0,2,57,12,0,0,2,https://www.youtube.com/watch?v=None&t=0
,0a922e50f9f9a3e650e322dd3d96f0e5,2025/02/09,Aurora,MediocreRyden,22,Vanessa,Myke623,21,Kage,1,1,,30,0,0,2,57,12,0,0,2,https://www.youtube.com/watch?v=None&t=0
,0a922e50f9f9a3e650e322dd3d96f0e5,2025/02/09,Aurora,MediocreRyden,22,Vanessa,Myke623,21,Kage,1,1,,30,0,0,2,57,12,0,0,2,https://www.youtube.com/watch?v=None&t=0
,0a922e50f9f9a3e650e322dd3d96f0e5,2025/02/09,Aurora,MediocreRyden,22,Vanessa,Myke623,21,Kage,1,1,,30,0,0,2,58,12,0,0,2,https://www.youtube.com/watch?v=None&t=0
,0a922e50f9f9a3e650e322dd3d96f0e5,2025/02/09,Aurora,MediocreRyden,22,Vanessa,Myke623,21,Kage,1,1,,30,0,0,2,58,12,0,0,2,https://www.youtube.com/watch?v=None&t=0
,0a922e50f9f9a3e650e322dd3d96f0e5,2025/02/09,Aurora,MediocreRyden,22,Vanessa,Myke623,21,Kage,1,1,,29,0,0,2,58,9,0,0,2,https://www.youtube.com/watch?v=None&t=0
,0a922e50f9f9a3e650e322dd3d96f0e5,2025/02/09,Aurora,MediocreRyden,22,Vanessa,Myke623,21,Kage,1,1,,29,0,0,2,58,10,0,0,2,https://www.youtube.com/watch?v=None&t=0
,0a922e50f9f9a3e650e322dd3d96f0e5,2025/02/09,Aurora,MediocreRyden,22,Vanessa,Myke623,21,Kage,1,1,,29,0,0,2,58,8,0,0,2,https://www.youtube.com/watch?v=None&t=0
,0a922e50f9f9a3e650e322dd3d96f0e5,2025/02/09,Aurora,MediocreRyden,22,Vanessa,Myke623,21,Kage,1,1,,29,0,0,2,57,8,0,0,2,https://www.youtube.com/watch?v=None&t=0
,0a922e50f9f9a3e650e322dd3d96f0e5,2025/02/09,Aurora,MediocreRyden,22,Vanessa,Myke623,21,Kage,1,1,,29,0,0,2,57,8,0,0,2,https://www.youtube.com/watch?v=None&t=0
,0a922e50f9f9a3e650e322dd3d96f0e5,2025/02/09,Aurora,MediocreRyden,22,Vanessa,Myke623,21,Kage,1,1,,29,0,0,2,57,8,0,0,2,https://www.youtube.com/watch?v=None&t=0
,0a922e50f9f9a3e650e322dd3d96f0e5,2025/02/09,Aurora,MediocreRyden,22,Vanessa,Myke623,21,Kage,1,1,,29,0,0,2,57,8,0,0,2,https://www.youtube.com/watch?v=None&t=0
,0a922e50f9f9a3e650e322dd3d96f0e5,2025/02/09,Aurora,MediocreRyden,22,Vanessa,Myke623,21,Kage,1,1,,28,0,0,2,57,8,0,0,2,https://www.youtube.com/watch?v=None&t=0
,0a922e50f9f9a3e650e322dd3d96f0e5,2025/02/09,Aurora,MediocreRyden,22,Vanessa,Myke623,21,Kage,1,1,,28,0,0,2,56,8,0,0,2,https://www.youtube.com/watch?v=None&t=0
,0a922e50f9f9a3e650e322dd3d96f0e5,2025/02/09,Aurora,MediocreRyden,22,Vanessa,Myke623,21,Kage,1,1,,28,0,0,2,56,8,0,0,2,https://www.youtube.com/watch?v=None&t=0
,0a922e50f9f9a3e650e322dd3d96f0e5,2025/02/09,Aurora,MediocreRyden,22,Vanessa,Myke623,21,Kage,1,1,,28,0,0,2,56,8,0,0,2,https://www.youtube.com/watch?v=None&t=0
,0a922e50f9f9a3e650e322dd3d96f0e5,2025/02/09,Aurora,MediocreRyden,22,Vanessa,Myke623,21,Kage,1,1,,28,0,0,2,55,8,0,0,2,https://www.youtube.com/watch?v=None&t=0
,0a922e50f9f9a3e650e322dd3d96f0e5,2025/02/09,Aurora,MediocreRyden,22,Vanessa,Myke623,21,Kage,1,1,,28,0,0,2,54,8,0,0,2,https://www.youtube.com/watch?v=None&t=0
,0a922e50f9f9a3e650e322dd3d96f0e5,2025/02/09,Aurora,MediocreRyden,22,Vanessa,Myke623,21,Kage,1,1,,27,0,0,2,57,8,0,0,2,https://www.youtube.com/watch?v=None&t=0
,0a922e50f9f9a3e650e322dd3d96f0e5,2025/02/09,Aurora,MediocreRyden,22,Vanessa,Myke623,21,Kage,1,1,,27,0,0,2,58,8,0,0,2,https://www.youtube.com/watch?v=None&t=0
,0a922e50f9f9a3e650e322dd3d96f0e5,2025/02/09,Aurora,MediocreRyden,22,Vanessa,Myke623,21,Kage,1,1,,27,0,0,2,58,8,0,0,2,https://www.youtube.com/watch?v=None&t=0
,0a922e50f9f9a3e650e322dd3d96f0e5,2025/02/09,Aurora,MediocreRyden,22,Vanessa,Myke623,21,Kage,1,1,,27,0,0,2,58,8,0,0,2,https://www.youtube.com/watch?v=None&t=0
,0a922e50f9f9a3e650e322dd3d96f0e5,2025/02/09,Aurora,MediocreRyden,22,Vanessa,Myke623,21,Kage,1,1,,26,0,0,2,58,8,0,0,2,https://www.youtube.com/watch?v=None&t=0
,0a922e50f9f9a3e650e322dd3d96f0e5,2025/02/09,Aurora,MediocreRyden,22,Vanessa,Myke623,21,Kage,1,1,,26,0,0,2,58,8,0,0,2,https://www.youtube.com/watch?v=None&t=0
,0a922e50f9f9a3e650e322dd3d96f0e5,2025/02/09,Aurora,MediocreRyden,22,Vanessa,Myke623,21,Kage,1,1,,26,0,0,2,58,8,0,0,2,https://www.youtube.com/watch?v=None&t=0
,0a922e50f9f9a3e650e322dd3d96f0e5,2025/02/09,Aurora,MediocreRyden,22,Vanessa,Myke623,21,Kage,1,1,,26,0,0,2,58,8,0,0,2,https://www.youtube.com/watch?v=None&t=0
,0a922e50f9f9a3e650e322dd3d96f0e5,2025/02/09,Aurora,MediocreRyden,22,Vanessa,Myke623,21,Kage,1,1,,26,0,0,2,58,8,0,0,2,https://www.youtube.com/watch?v=None&t=0
,0a922e50f9f9a3e650e322dd3d96f0e5,2025/02/09,Aurora,MediocreRyden,22,Vanessa,Myke623,21,Kage,1,1,,26,0,0,2,58,8,0,0,2,https://www.youtube.com/watch?v=None&t=0
,0a922e50f9f9a3e650e322dd3d96f0e5,2025/02/09,Aurora,MediocreRyden,22,Vanessa,Myke623,21,Kage,1,1,,26,0,0,2,58,8,0,0,2,https://www.youtube.com/watch?v=None&t=0
,0a922e50f9f9a3e650e322dd3d96f0e5,2025/02/09,Aurora,MediocreRyden,22,Vanessa,Myke623,21,Kage,1,1,,26,0,0,2,58,8,0,0,2,https://www.youtube.com/watch?v=None&t=0
,0a922e50f9f9a3e650e322dd3d96f0e5,2025/02/09,Aurora,MediocreRyden,22,Vanessa,Myke623,21,Kage,1,1,,26,0,0,2,58,8,0,0,2,https://www.youtube.com/watch?v=None&t=0
,0a922e50f9f9a3e650e322dd3d96f0e5,2025/02/09,Aurora,MediocreRyden,22,Vanessa,Myke623,21,Kage,1,1,,25,0,0,2,42,8,0,0,2,https://www.youtube.com/watch?v=None&t=0
,0a922e50f9f9a3e650e322dd3d96f0e5,2025/02/09,Aurora,MediocreRyden,22,Vanessa,Myke623,21,Kage,1,1,,25,0,0,2,42,8,0,0,2,https://www.youtube.com/watch?v=None&t=0
,0a922e50f9f9a3e650e322dd3d96f0e5,2025/02/09,Aurora,MediocreRyden,22,Vanessa,Myke623,21,Kage,1,1,,25,0,0,2,41,8,0,0,2,https://www.youtube.com/watch?v=None&t=0
,0a922e50f9f9a3e650e322dd3d96f0e5,2025/02/09,Aurora,MediocreRyden,22,Vanessa,Myke623,21,Kage,1,1,,25,0,0,2,40,6,0,0,2,https://www.youtube.com/watch?v=None&t=0
,0a922e50f9f9a3e650e322dd3d96f0e5,2025/02/09,Aurora,MediocreRyden,22,Vanessa,Myke623,21,Kage,1,1,,24,0,0,2,36,7,0,0,2,https://www.youtube.com/watch?v=None&t=0
,0a922e50f9f9a3e650e322dd3d96f0e5,2025/02/09,Aurora,MediocreRyden,22,Vanessa,Myke623,21,Kage,1,1,,24,0,0,2,31,8,0,0,2,https://www.youtube.com/watch?v=None&t=0
,0a922e50f9f9a3e650e322dd3d96f0e5,2025/02/09,Aurora,MediocreRyden,22,Vanessa,Myke623,21,Kage,1,1,,24,0,0,2,30,8,0,0,2,https://www.youtube.com/watch?v=None&t=0
,0a922e50f9f9a3e650e322dd3d96f0e5,2025/02/09,Aurora,MediocreRyden,22,Vanessa,Myke623,21,Kage,1,1,,24,0,0,2,28,8,0,0,2,https://www.youtube.com/watch?v=None&t=0
,0a922e50f9f9a3e650e322dd3d96f0e5,2025/02/09,Aurora,MediocreRyden,22,Vanessa,Myke623,21,Kage,1,1,,23,0,0,2,29,8,0,0,2,https://www.youtube.com/watch?v=None&t=0
,0a922e50f9f9a3e650e322dd3d96f0e5,2025/02/09,Aurora,MediocreRyden,22,Vanessa,Myke623,21,Kage,1,1,,23,0,0,2,28,8,0,0,2,https://www.youtube.com/watch?v=None&t=0
,0a922e50f9f9a3e650e322dd3d96f0e5,2025/02/09,Aurora,MediocreRyden,22,Vanessa,Myke623,21,Kage,1,1,,23,0,0,2,25,8,0,0,2,https://www.youtube.com/watch?v=None&t=0
,0a922e50f9f9a3e650e322dd3d96f0e5,2025/02/09,Aurora,MediocreRyden,22,Vanessa,Myke623,21,Kage,1,1,,23,0,0,2,18,8,0,0,2,https://www.youtube.com/watch?v=None&t=0
,0a922e50f9f9a3e650e322dd3d96f0e5,2025/02/09,Aurora,MediocreRyden,22,Vanessa,Myke623,21,Kage,1,1,,22,0,0,2,18,8,0,0,2,https://www.youtube.com/watch?v=None&t=0
,0a922e50f9f9a3e650e322dd3d96f0e5,2025/02/09,Aurora,MediocreRyden,22,Vanessa,Myke623,21,Kage,1,1,,22,0,0,2,18,8,0,0,2,https://www.youtube.com/watch?v=None&t=0
,0a922e50f9f9a3e650e322dd3d96f0e5,2025/02/09,Aurora,MediocreRyden,22,Vanessa,Myke623,21,Kage,1,1,,22,0,0,2,18,8,0,0,2,https://www.youtube.com/watch?v=None&t=0
,0a922e50f9f9a3e650e322dd3d96f0e5,2025/02/09,Aurora,MediocreRyden,22,Vanessa,Myke623,21,Kage,1,1,,22,0,0,2,18,8,0,0,2,https://www.youtube.com/watch?v=None&t=0
,0a922e50f9f9a3e650e322dd3d96f0e5,2025/02/09,Aurora,MediocreRyden,22,Vanessa,Myke623,21,Kage,1,1,,22,0,0,2,18,8,0,0,2,https://www.youtube.com/watch?v=None&t=0
,0a922e50f9f9a3e650e322dd3d96f0e5,2025/02/09,Aurora,MediocreRyden,22,Vanessa,Myke623,21,Kage,1,1,,22,0,0,2,18,8,0,0,2,https://www.youtube.com/watch?v=None&t=0
,0a922e50f9f9a3e650e322dd3d96f0e5,2025/02/09,Aurora,MediocreRyden,22,Vanessa,Myke623,21,Kage,1,1,,21,0,0,2,18,8,0,0,2,https://www.youtube.com/watch?v=None&t=0
,0a922e50f9f9a3e650e322dd3d96f0e5,2025/02/09,Aurora,MediocreRyden,22,Vanessa,Myke623,21,Kage,1,1,KO,21.00,,,2,18,8,1,0,2,https://www.youtube.com/watch?v=None&t=0
,0a922e50f9f9a3e650e322dd3d96f0e5,2025/02/09,Aurora,MediocreRyden,22,Vanessa,Myke623,21,Kage,2,2,,45,0,0,2,100,100,1,0,2,https://www.youtube.com/watch?v=None&t=0
,0a922e50f9f9a3e650e322dd3d96f0e5,2025/02/09,Aurora,MediocreRyden,22,Vanessa,Myke623,21,Kage,2,2,,44,0,0,2,100,100,1,0,2,https://www.youtube.com/watch?v=None&t=0
,0a922e50f9f9a3e650e322dd3d96f0e5,2025/02/09,Aurora,MediocreRyden,22,Vanessa,Myke623,21,Kage,2,2,,44,0,0,2,86,100,1,0,2,https://www.youtube.com/watch?v=None&t=0
,0a922e50f9f9a3e650e322dd3d96f0e5,2025/02/09,Aurora,MediocreRyden,22,Vanessa,Myke623,21,Kage,2,2,,43,0,0,2,86,100,1,0,2,https://www.youtube.com/watch?v=None&t=0
,0a922e50f9f9a3e650e322dd3d96f0e5,2025/02/09,Aurora,MediocreRyden,22,Vanessa,Myke623,21,Kage,2,2,,42,0,0,2,87,100,1,0,2,https://www.youtube.com/watch?v=None&t=0
,0a922e50f9f9a3e650e322dd3d96f0e5,2025/02/09,Aurora,MediocreRyden,22,Vanessa,Myke623,21,Kage,2,2,,42,0,0,2,87,91,1,0,2,https://www.youtube.com/watch?v=None&t=0
,0a922e50f9f9a3e650e322dd3d96f0e5,2025/02/09,Aurora,MediocreRyden,22,Vanessa,Myke623,21,Kage,2,2,,42,0,0,2,87,91,1,0,2,https://www.youtube.com/watch?v=None&t=0
,0a922e50f9f9a3e650e322dd3d96f0e5,2025/02/09,Aurora,MediocreRyden,22,Vanessa,Myke623,21,Kage,2,2,,42,0,0,2,87,92,1,0,2,https://www.youtube.com/watch?v=None&t=0
,0a922e50f9f9a3e650e322dd3d96f0e5,2025/02/09,Aurora,MediocreRyden,22,Vanessa,Myke623,21,Kage,2,2,,41,0,0,2,87,91,1,0,2,https://www.youtube.com/watch?v=None&t=0
,0a922e50f9f9a3e650e322dd3d96f0e5,2025/02/09,Aurora,MediocreRyden,22,Vanessa,Myke623,21,Kage,2,2,,41,0,0,2,87,91,1,0,2,https://www.youtube.com/watch?v=None&t=0
,0a922e50f9f9a3e650e322dd3d96f0e5,2025/02/09,Aurora,MediocreRyden,22,Vanessa,Myke623,21,Kage,2,2,,41,0,0,2,87,91,1,0,2,https://www.youtube.com/watch?v=None&t=0
,0a922e50f9f9a3e650e322dd3d96f0e5,2025/02/09,Aurora,MediocreRyden,22,Vanessa,Myke623,21,Kage,2,2,,40,0,0,2,70,91,1,0,2,https://www.youtube.com/watch?v=None&t=0
,0a922e50f9f9a3e650e322dd3d96f0e5,2025/02/09,Aurora,MediocreRyden,22,Vanessa,Myke623,21,Kage,2,2,,40,0,0,2,71,90,1,0,2,https://www.youtube.com/watch?v=None&t=0
,0a922e50f9f9a3e650e322dd3d96f0e5,2025/02/09,Aurora,MediocreRyden,22,Vanessa,Myke623,21,Kage,2,2,,40,0,0,2,72,90,1,0,2,https://www.youtube.com/watch?v=None&t=0
,0a922e50f9f9a3e650e322dd3d96f0e5,2025/02/09,Aurora,MediocreRyden,22,Vanessa,Myke623,21,Kage,2,2,,39,0,0,2,72,90,1,0,2,https://www.youtube.com/watch?v=None&t=0
,0a922e50f9f9a3e650e322dd3d96f0e5,2025/02/09,Aurora,MediocreRyden,22,Vanessa,Myke623,21,Kage,2,2,,39,0,0,2,72,90,1,0,2,https://www.youtube.com/watch?v=None&t=0
,0a922e50f9f9a3e650e322dd3d96f0e5,2025/02/09,Aurora,MediocreRyden,22,Vanessa,Myke623,21,Kage,2,2,,39,0,0,2,73,90,1,0,2,https://www.youtube.com/watch?v=None&t=0
,0a922e50f9f9a3e650e322dd3d96f0e5,2025/02/09,Aurora,MediocreRyden,22,Vanessa,Myke623,21,Kage,2,2,,39,0,0,2,73,90,1,0,2,https://www.youtube.com/watch?v=None&t=0
,0a922e50f9f9a3e650e322dd3d96f0e5,2025/02/09,Aurora,MediocreRyden,22,Vanessa,Myke623,21,Kage,2,2,,39,0,0,2,73,90,1,0,2,https://www.youtube.com/watch?v=None&t=0
,0a922e50f9f9a3e650e322dd3d96f0e5,2025/02/09,Aurora,MediocreRyden,22,Vanessa,Myke623,21,Kage,2,2,,39,0,0,2,73,90,1,0,2,https://www.youtube.com/watch?v=None&t=0
,0a922e50f9f9a3e650e322dd3d96f0e5,2025/02/09,Aurora,MediocreRyden,22,Vanessa,Myke623,21,Kage,2,2,,39,0,0,2,73,86,1,0,2,https://www.youtube.com/watch?v=None&t=0
,0a922e50f9f9a3e650e322dd3d96f0e5,2025/02/09,Aurora,MediocreRyden,22,Vanessa,Myke623,21,Kage,2,2,,39,0,0,2,73,86,1,0,2,https://www.youtube.com/watch?v=None&t=0
,0a922e50f9f9a3e650e322dd3d96f0e5,2025/02/09,Aurora,MediocreRyden,22,Vanessa,Myke623,21,Kage,2,2,,39,0,0,2,73,87,1,0,2,https://www.youtube.com/watch?v=None&t=0
,0a922e50f9f9a3e650e322dd3d96f0e5,2025/02/09,Aurora,MediocreRyden,22,Vanessa,Myke623,21,Kage,2,2,,38,0,0,2,73,74,1,0,2,https://www.youtube.com/watch?v=None&t=0
,0a922e50f9f9a3e650e322dd3d96f0e5,2025/02/09,Aurora,MediocreRyden,22,Vanessa,Myke623,21,Kage,2,2,,38,0,0,2,73,74,1,0,2,https://www.youtube.com/watch?v=None&t=0
,0a922e50f9f9a3e650e322dd3d96f0e5,2025/02/09,Aurora,MediocreRyden,22,Vanessa,Myke623,21,Kage,2,2,,37,0,0,2,73,74,1,0,2,https://www.youtube.com/watch?v=None&t=0
,0a922e50f9f9a3e650e322dd3d96f0e5,2025/02/09,Aurora,MediocreRyden,22,Vanessa,Myke623,21,Kage,2,2,,37,0,0,2,73,74,1,0,2,https://www.youtube.com/watch?v=None&t=0
,0a922e50f9f9a3e650e322dd3d96f0e5,2025/02/09,Aurora,MediocreRyden,22,Vanessa,Myke623,21,Kage,2,2,,37,0,0,2,73,63,1,0,2,https://www.youtube.com/watch?v=None&t=0
,0a922e50f9f9a3e650e322dd3d96f0e5,2025/02/09,Aurora,MediocreRyden,22,Vanessa,Myke623,21,Kage,2,2,,37,0,0,2,73,62,1,0,2,https://www.youtube.com/watch?v=None&t=0
,0a922e50f9f9a3e650e322dd3d96f0e5,2025/02/09,Aurora,MediocreRyden,22,Vanessa,Myke623,21,Kage,2,2,,36,0,0,2,73,62,1,0,2,https://www.youtube.com/watch?v=None&t=0
,0a922e50f9f9a3e650e322dd3d96f0e5,2025/02/09,Aurora,MediocreRyden,22,Vanessa,Myke623,21,Kage,2,2,,36,0,0,2,73,62,1,0,2,https://www.youtube.com/watch?v=None&t=0
,0a922e50f9f9a3e650e322dd3d96f0e5,2025/02/09,Aurora,MediocreRyden,22,Vanessa,Myke623,21,Kage,2,2,,36,0,0,2,72,61,1,0,2,https://www.youtube.com/watch?v=None&t=0
,0a922e50f9f9a3e650e322dd3d96f0e5,2025/02/09,Aurora,MediocreRyden,22,Vanessa,Myke623,21,Kage,2,2,,36,0,0,2,72,44,1,0,2,https://www.youtube.com/watch?v=None&t=0
,0a922e50f9f9a3e650e322dd3d96f0e5,2025/02/09,Aurora,MediocreRyden,22,Vanessa,Myke623,21,Kage,2,2,,35,0,0,2,70,49,1,0,2,https://www.youtube.com/watch?v=None&t=0
,0a922e50f9f9a3e650e322dd3d96f0e5,2025/02/09,Aurora,MediocreRyden,22,Vanessa,Myke623,21,Kage,2,2,,35,0,0,2,71,49,1,0,2,https://www.youtube.com/watch?v=None&t=0
,0a922e50f9f9a3e650e322dd3d96f0e5,2025/02/09,Aurora,MediocreRyden,22,Vanessa,Myke623,21,Kage,2,2,,35,0,0,2,71,49,1,0,2,https://www.youtube.com/watch?v=None&t=0
,0a922e50f9f9a3e650e322dd3d96f0e5,2025/02/09,Aurora,MediocreRyden,22,Vanessa,Myke623,21,Kage,2,2,,35,0,0,2,71,49,1,0,2,https://www.youtube.com/watch?v=None&t=0
,0a922e50f9f9a3e650e322dd3d96f0e5,2025/02/09,Aurora,MediocreRyden,22,Vanessa,Myke623,21,Kage,2,2,,35,0,0,2,72,49,1,0,2,https://www.youtube.com/watch?v=None&t=0
,0a922e50f9f9a3e650e322dd3d96f0e5,2025/02/09,Aurora,MediocreRyden,22,Vanessa,Myke623,21,Kage,2,2,,35,0,0,2,72,49,1,0,2,https://www.youtube.com/watch?v=None&t=0
,0a922e50f9f9a3e650e322dd3d96f0e5,2025/02/09,Aurora,MediocreRyden,22,Vanessa,Myke623,21,Kage,2,2,,34,0,0,2,72,49,1,0,2,https://www.youtube.com/watch?v=None&t=0
,0a922e50f9f9a3e650e322dd3d96f0e5,2025/02/09,Aurora,MediocreRyden,22,Vanessa,Myke623,21,Kage,2,2,,34,0,0,2,72,49,1,0,2,https://www.youtube.com/watch?v=None&t=0
,0a922e50f9f9a3e650e322dd3d96f0e5,2025/02/09,Aurora,MediocreRyden,22,Vanessa,Myke623,21,Kage,2,2,,34,0,0,2,73,49,1,0,2,https://www.youtube.com/watch?v=None&t=0
,0a922e50f9f9a3e650e322dd3d96f0e5,2025/02/09,Aurora,MediocreRyden,22,Vanessa,Myke623,21,Kage,2,2,,34,0,0,2,73,49,1,0,2,https://www.youtube.com/watch?v=None&t=0
,0a922e50f9f9a3e650e322dd3d96f0e5,2025/02/09,Aurora,MediocreRyden,22,Vanessa,Myke623,21,Kage,2,2,,34,0,0,2,73,49,1,0,2,https://www.youtube.com/watch?v=None&t=0
,0a922e50f9f9a3e650e322dd3d96f0e5,2025/02/09,Aurora,MediocreRyden,22,Vanessa,Myke623,21,Kage,2,2,,34,0,0,2,73,49,1,0,2,https://www.youtube.com/watch?v=None&t=0
,0a922e50f9f9a3e650e322dd3d96f0e5,2025/02/09,Aurora,MediocreRyden,22,Vanessa,Myke623,21,Kage,2,2,,34,0,0,2,73,49,1,0,2,https://www.youtube.com/watch?v=None&t=0
,0a922e50f9f9a3e650e322dd3d96f0e5,2025/02/09,Aurora,MediocreRyden,22,Vanessa,Myke623,21,Kage,2,2,,34,0,0,2,73,49,1,0,2,https://www.youtube.com/watch?v=None&t=0
,0a922e50f9f9a3e650e322dd3d96f0e5,2025/02/09,Aurora,MediocreRyden,22,Vanessa,Myke623,21,Kage,2,2,,34,0,0,2,73,49,1,0,2,https://www.youtube.com/watch?v=None&t=0
,0a922e50f9f9a3e650e322dd3d96f0e5,2025/02/09,Aurora,MediocreRyden,22,Vanessa,Myke623,21,Kage,2,2,,34,0,0,2,73,49,1,0,2,https://www.youtube.com/watch?v=None&t=0
,0a922e50f9f9a3e650e322dd3d96f0e5,2025/02/09,Aurora,MediocreRyden,22,Vanessa,Myke623,21,Kage,2,2,,34,0,0,2,73,49,1,0,2,https://www.youtube.com/watch?v=None&t=0
,0a922e50f9f9a3e650e322dd3d96f0e5,2025/02/09,Aurora,MediocreRyden,22,Vanessa,Myke623,21,Kage,2,2,,34,0,0,2,73,49,1,0,2,https://www.youtube.com/watch?v=None&t=0
,0a922e50f9f9a3e650e322dd3d96f0e5,2025/02/09,Aurora,MediocreRyden,22,Vanessa,Myke623,21,Kage,2,2,,33,0,0,2,73,49,1,0,2,https://www.youtube.com/watch?v=None&t=0
,0a922e50f9f9a3e650e322dd3d96f0e5,2025/02/09,Aurora,MediocreRyden,22,Vanessa,Myke623,21,Kage,2,2,,32,0,0,2,73,49,1,0,2,https://www.youtube.com/watch?v=None&t=0
,0a922e50f9f9a3e650e322dd3d96f0e5,2025/02/09,Aurora,MediocreRyden,22,Vanessa,Myke623,21,Kage,2,2,,32,0,0,2,63,49,1,0,2,https://www.youtube.com/watch?v=None&t=0
,0a922e50f9f9a3e650e322dd3d96f0e5,2025/02/09,Aurora,MediocreRyden,22,Vanessa,Myke623,21,Kage,2,2,,32,0,0,2,63,49,1,0,2,https://www.youtube.com/watch?v=None&t=0
,0a922e50f9f9a3e650e322dd3d96f0e5,2025/02/09,Aurora,MediocreRyden,22,Vanessa,Myke623,21,Kage,2,2,,32,0,0,2,63,49,1,0,2,https://www.youtube.com/watch?v=None&t=0
,0a922e50f9f9a3e650e322dd3d96f0e5,2025/02/09,Aurora,MediocreRyden,22,Vanessa,Myke623,21,Kage,2,2,,32,0,0,2,60,49,1,0,2,https://www.youtube.com/watch?v=None&t=0
,0a922e50f9f9a3e650e322dd3d96f0e5,2025/02/09,Aurora,MediocreRyden,22,Vanessa,Myke623,21,Kage,2,2,,32,0,0,2,62,49,1,0,2,https://www.youtube.com/watch?v=None&t=0
,0a922e50f9f9a3e650e322dd3d96f0e5,2025/02/09,Aurora,MediocreRyden,22,Vanessa,Myke623,21,Kage,2,2,,32,0,0,2,62,49,1,0,2,https://www.youtube.com/watch?v=None&t=0
,0a922e50f9f9a3e650e322dd3d96f0e5,2025/02/09,Aurora,MediocreRyden,22,Vanessa,Myke623,21,Kage,2,2,,32,0,0,2,60,49,1,0,2,https://www.youtube.com/watch?v=None&t=0
,0a922e50f9f9a3e650e322dd3d96f0e5,2025/02/09,Aurora,MediocreRyden,22,Vanessa,Myke623,21,Kage,2,2,,32,0,0,2,60,49,1,0,2,https://www.youtube.com/watch?v=None&t=0
,0a922e50f9f9a3e650e322dd3d96f0e5,2025/02/09,Aurora,MediocreRyden,22,Vanessa,Myke623,21,Kage,2,2,,32,0,0,2,60,48,1,0,2,https://www.youtube.com/watch?v=None&t=0
,0a922e50f9f9a3e650e322dd3d96f0e5,2025/02/09,Aurora,MediocreRyden,22,Vanessa,Myke623,21,Kage,2,2,,31,0,0,2,58,47,1,0,2,https://www.youtube.com/watch?v=None&t=0
,0a922e50f9f9a3e650e322dd3d96f0e5,2025/02/09,Aurora,MediocreRyden,22,Vanessa,Myke623,21,Kage,2,2,,31,0,0,2,55,45,1,0,2,https://www.youtube.com/watch?v=None&t=0
,0a922e50f9f9a3e650e322dd3d96f0e5,2025/02/09,Aurora,MediocreRyden,22,Vanessa,Myke623,21,Kage,2,2,,31,0,0,2,55,45,1,0,2,https://www.youtube.com/watch?v=None&t=0
,0a922e50f9f9a3e650e322dd3d96f0e5,2025/02/09,Aurora,MediocreRyden,22,Vanessa,Myke623,21,Kage,2,2,,31,0,0,2,55,44,1,0,2,https://www.youtube.com/watch?v=None&t=0
,0a922e50f9f9a3e650e322dd3d96f0e5,2025/02/09,Aurora,MediocreRyden,22,Vanessa,Myke623,21,Kage,2,2,,31,0,0,2,50,44,1,0,2,https://www.youtube.com/watch?v=None&t=0
,0a922e50f9f9a3e650e322dd3d96f0e5,2025/02/09,Aurora,MediocreRyden,22,Vanessa,Myke623,21,Kage,2,2,,30,0,0,2,44,49,1,0,2,https://www.youtube.com/watch?v=None&t=0
,0a922e50f9f9a3e650e322dd3d96f0e5,2025/02/09,Aurora,MediocreRyden,22,Vanessa,Myke623,21,Kage,2,2,,30,0,0,2,44,49,1,0,2,https://www.youtube.com/watch?v=None&t=0
,0a922e50f9f9a3e650e322dd3d96f0e5,2025/02/09,Aurora,MediocreRyden,22,Vanessa,Myke623,21,Kage,2,2,,30,0,0,2,40,49,1,0,2,https://www.youtube.com/watch?v=None&t=0
,0a922e50f9f9a3e650e322dd3d96f0e5,2025/02/09,Aurora,MediocreRyden,22,Vanessa,Myke623,21,Kage,2,2,,30,0,0,2,40,49,1,0,2,https://www.youtube.com/watch?v=None&t=0
,0a922e50f9f9a3e650e322dd3d96f0e5,2025/02/09,Aurora,MediocreRyden,22,Vanessa,Myke623,21,Kage,2,2,,30,0,0,2,40,49,1,0,2,https://www.youtube.com/watch?v=None&t=0
,0a922e50f9f9a3e650e322dd3d96f0e5,2025/02/09,Aurora,MediocreRyden,22,Vanessa,Myke623,21,Kage,2,2,,29,0,0,2,38,49,1,0,2,https://www.youtube.com/watch?v=None&t=0
,0a922e50f9f9a3e650e322dd3d96f0e5,2025/02/09,Aurora,MediocreRyden,22,Vanessa,Myke623,21,Kage,2,2,,29,0,0,2,38,49,1,0,2,https://www.youtube.com/watch?v=None&t=0
,0a922e50f9f9a3e650e322dd3d96f0e5,2025/02/09,Aurora,MediocreRyden,22,Vanessa,Myke623,21,Kage,2,2,,29,0,0,2,38,49,1,0,2,https://www.youtube.com/watch?v=None&t=0
,0a922e50f9f9a3e650e322dd3d96f0e5,2025/02/09,Aurora,MediocreRyden,22,Vanessa,Myke623,21,Kage,2,2,,29,0,0,2,38,49,1,0,2,https://www.youtube.com/watch?v=None&t=0
,0a922e50f9f9a3e650e322dd3d96f0e5,2025/02/09,Aurora,MediocreRyden,22,Vanessa,Myke623,21,Kage,2,2,,29,0,0,2,38,49,1,0,2,https://www.youtube.com/watch?v=None&t=0
,0a922e50f9f9a3e650e322dd3d96f0e5,2025/02/09,Aurora,MediocreRyden,22,Vanessa,Myke623,21,Kage,2,2,,28,0,0,2,38,49,1,0,2,https://www.youtube.com/watch?v=None&t=0
,0a922e50f9f9a3e650e322dd3d96f0e5,2025/02/09,Aurora,MediocreRyden,22,Vanessa,Myke623,21,Kage,2,2,,28,0,0,2,38,49,1,0,2,https://www.youtube.com/watch?v=None&t=0
,0a922e50f9f9a3e650e322dd3d96f0e5,2025/02/09,Aurora,MediocreRyden,22,Vanessa,Myke623,21,Kage,2,2,,28,0,0,2,38,49,1,0,2,https://www.youtube.com/watch?v=None&t=0
,0a922e50f9f9a3e650e322dd3d96f0e5,2025/02/09,Aurora,MediocreRyden,22,Vanessa,Myke623,21,Kage,2,2,,28,0,0,2,38,49,1,0,2,https://www.youtube.com/watch?v=None&t=0
,0a922e50f9f9a3e650e322dd3d96f0e5,2025/02/09,Aurora,MediocreRyden,22,Vanessa,Myke623,21,Kage,2,2,,28,0,0,2,38,49,1,0,2,https://www.youtube.com/watch?v=None&t=0
,0a922e50f9f9a3e650e322dd3d96f0e5,2025/02/09,Aurora,MediocreRyden,22,Vanessa,Myke623,21,Kage,2,2,,27,0,0,2,15,49,1,0,2,https://www.youtube.com/watch?v=None&t=0
,0a922e50f9f9a3e650e322dd3d96f0e5,2025/02/09,Aurora,MediocreRyden,22,Vanessa,Myke623,21,Kage,2,2,,27,0,0,2,14,49,1,0,2,https://www.youtube.com/watch?v=None&t=0
,0a922e50f9f9a3e650e322dd3d96f0e5,2025/02/09,Aurora,MediocreRyden,22,Vanessa,Myke623,21,Kage,2,2,,27,0,0,2,12,49,1,0,2,https://www.youtube.com/watch?v=None&t=0
,0a922e50f9f9a3e650e322dd3d96f0e5,2025/02/09,Aurora,MediocreRyden,22,Vanessa,Myke623,21,Kage,2,2,,27,0,0,2,12,47,1,0,2,https://www.youtube.com/watch?v=None&t=0
,0a922e50f9f9a3e650e322dd3d96f0e5,2025/02/09,Aurora,MediocreRyden,22,Vanessa,Myke623,21,Kage,2,2,,26,0,0,2,12,47,1,0,2,https://www.youtube.com/watch?v=None&t=0
,0a922e50f9f9a3e650e322dd3d96f0e5,2025/02/09,Aurora,MediocreRyden,22,Vanessa,Myke623,21,Kage,2,2,,26,0,0,2,12,45,1,0,2,https://www.youtube.com/watch?v=None&t=0
,0a922e50f9f9a3e650e322dd3d96f0e5,2025/02/09,Aurora,MediocreRyden,22,Vanessa,Myke623,21,Kage,2,2,,26,0,0,2,12,45,1,0,2,https://www.youtube.com/watch?v=None&t=0
,0a922e50f9f9a3e650e322dd3d96f0e5,2025/02/09,Aurora,MediocreRyden,22,Vanessa,Myke623,21,Kage,2,2,,26,0,0,2,12,44,1,0,2,https://www.youtube.com/watch?v=None&t=0
,0a922e50f9f9a3e650e322dd3d96f0e5,2025/02/09,Aurora,MediocreRyden,22,Vanessa,Myke623,21,Kage,2,2,,26,0,0,2,12,45,1,0,2,https://www.youtube.com/watch?v=None&t=0
,0a922e50f9f9a3e650e322dd3d96f0e5,2025/02/09,Aurora,MediocreRyden,22,Vanessa,Myke623,21,Kage,2,2,,25,0,0,2,12,48,1,0,2,https://www.youtube.com/watch?v=None&t=0
,0a922e50f9f9a3e650e322dd3d96f0e5,2025/02/09,Aurora,MediocreRyden,22,Vanessa,Myke623,21,Kage,2,2,,24,0,0,2,3,49,1,0,2,https://www.youtube.com/watch?v=None&t=0
,0a922e50f9f9a3e650e322dd3d96f0e5,2025/02/09,Aurora,MediocreRyden,22,Vanessa,Myke623,21,Kage,2,2,,24,0,0,2,3,49,1,0,2,https://www.youtube.com/watch?v=None&t=0
,0a922e50f9f9a3e650e322dd3d96f0e5,2025/02/09,Aurora,MediocreRyden,22,Vanessa,Myke623,21,Kage,2,2,,24,0,0,2,3,49,1,0,2,https://www.youtube.com/watch?v=None&t=0
,0a922e50f9f9a3e650e322dd3d96f0e5,2025/02/09,Aurora,MediocreRyden,22,Vanessa,Myke623,21,Kage,2,2,,24,0,0,2,3,49,1,0,2,https://www.youtube.com/watch?v=None&t=0
,0a922e50f9f9a3e650e322dd3d96f0e5,2025/02/09,Aurora,MediocreRyden,22,Vanessa,Myke623,21,Kage,2,2,,24,0,0,2,3,49,1,0,2,https://www.youtube.com/watch?v=None&t=0
,0a922e50f9f9a3e650e322dd3d96f0e5,2025/02/09,Aurora,MediocreRyden,22,Vanessa,Myke623,21,Kage,2,2,,24,0,0,2,3,49,1,0,2,https://www.youtube.com/watch?v=None&t=0
,0a922e50f9f9a3e650e322dd3d96f0e5,2025/02/09,Aurora,MediocreRyden,22,Vanessa,Myke623,21,Kage,2,2,,24,0,0,2,3,49,1,0,2,https://www.youtube.com/watch?v=None&t=0
,0a922e50f9f9a3e650e322dd3d96f0e5,2025/02/09,Aurora,MediocreRyden,22,Vanessa,Myke623,21,Kage,2,2,KO,23.00,,,2,3,49,1,1,2,https://www.youtube.com/watch?v=None&t=0
,0a922e50f9f9a3e650e322dd3d96f0e5,2025/02/09,Aurora,MediocreRyden,22,Vanessa,Myke623,21,Kage,3,2,,45,0,0,1,100,100,1,1,2,https://www.youtube.com/watch?v=None&t=0
,0a922e50f9f9a3e650e322dd3d96f0e5,2025/02/09,Aurora,MediocreRyden,22,Vanessa,Myke623,21,Kage,3,2,,44,0,0,1,100,88,1,1,2,https://www.youtube.com/watch?v=None&t=0
,0a922e50f9f9a3e650e322dd3d96f0e5,2025/02/09,Aurora,MediocreRyden,22,Vanessa,Myke623,21,Kage,3,2,,44,0,0,1,100,88,1,1,2,https://www.youtube.com/watch?v=None&t=0
,0a922e50f9f9a3e650e322dd3d96f0e5,2025/02/09,Aurora,MediocreRyden,22,Vanessa,Myke623,21,Kage,3,2,,43,0,0,1,100,88,1,1,2,https://www.youtube.com/watch?v=None&t=0
,0a922e50f9f9a3e650e322dd3d96f0e5,2025/02/09,Aurora,MediocreRyden,22,Vanessa,Myke623,21,Kage,3,2,,42,0,0,1,100,88,1,1,2,https://www.youtube.com/watch?v=None&t=0
,0a922e50f9f9a3e650e322dd3d96f0e5,2025/02/09,Aurora,MediocreRyden,22,Vanessa,Myke623,21,Kage,3,2,,42,0,0,1,100,88,1,1,2,https://www.youtube.com/watch?v=None&t=0
,0a922e50f9f9a3e650e322dd3d96f0e5,2025/02/09,Aurora,MediocreRyden,22,Vanessa,Myke623,21,Kage,3,2,,42,0,0,1,100,88,1,1,2,https://www.youtube.com/watch?v=None&t=0
,0a922e50f9f9a3e650e322dd3d96f0e5,2025/02/09,Aurora,MediocreRyden,22,Vanessa,Myke623,21,Kage,3,2,,42,0,0,1,100,88,1,1,2,https://www.youtube.com/watch?v=None&t=0
,0a922e50f9f9a3e650e322dd3d96f0e5,2025/02/09,Aurora,MediocreRyden,22,Vanessa,Myke623,21,Kage,3,2,,41,0,0,1,100,88,1,1,2,https://www.youtube.com/watch?v=None&t=0
,0a922e50f9f9a3e650e322dd3d96f0e5,2025/02/09,Aurora,MediocreRyden,22,Vanessa,Myke623,21,Kage,3,2,,41,0,0,1,84,88,1,1,2,https://www.youtube.com/watch?v=None&t=0
,0a922e50f9f9a3e650e322dd3d96f0e5,2025/02/09,Aurora,MediocreRyden,22,Vanessa,Myke623,21,Kage,3,2,,41,0,0,1,84,87,1,1,2,https://www.youtube.com/watch?v=None&t=0
,0a922e50f9f9a3e650e322dd3d96f0e5,2025/02/09,Aurora,MediocreRyden,22,Vanessa,Myke623,21,Kage,3,2,,41,0,0,1,84,87,1,1,2,https://www.youtube.com/watch?v=None&t=0
,0a922e50f9f9a3e650e322dd3d96f0e5,2025/02/09,Aurora,MediocreRyden,22,Vanessa,Myke623,21,Kage,3,2,,39,0,0,1,76,88,1,1,2,https://www.youtube.com/watch?v=None&t=0
,0a922e50f9f9a3e650e322dd3d96f0e5,2025/02/09,Aurora,MediocreRyden,22,Vanessa,Myke623,21,Kage,3,2,,39,0,0,1,76,88,1,1,2,https://www.youtube.com/watch?v=None&t=0
,0a922e50f9f9a3e650e322dd3d96f0e5,2025/02/09,Aurora,MediocreRyden,22,Vanessa,Myke623,21,Kage,3,2,,39,0,0,1,76,88,1,1,2,https://www.youtube.com/watch?v=None&t=0
,0a922e50f9f9a3e650e322dd3d96f0e5,2025/02/09,Aurora,MediocreRyden,22,Vanessa,Myke623,21,Kage,3,2,,39,0,0,1,76,88,1,1,2,https://www.youtube.com/watch?v=None&t=0
,0a922e50f9f9a3e650e322dd3d96f0e5,2025/02/09,Aurora,MediocreRyden,22,Vanessa,Myke623,21,Kage,3,2,,39,0,0,1,76,88,1,1,2,https://www.youtube.com/watch?v=None&t=0
,0a922e50f9f9a3e650e322dd3d96f0e5,2025/02/09,Aurora,MediocreRyden,22,Vanessa,Myke623,21,Kage,3,2,,39,0,0,1,76,88,1,1,2,https://www.youtube.com/watch?v=None&t=0
,0a922e50f9f9a3e650e322dd3d96f0e5,2025/02/09,Aurora,MediocreRyden,22,Vanessa,Myke623,21,Kage,3,2,,39,0,0,1,76,88,1,1,2,https://www.youtube.com/watch?v=None&t=0
,0a922e50f9f9a3e650e322dd3d96f0e5,2025/02/09,Aurora,MediocreRyden,22,Vanessa,Myke623,21,Kage,3,2,,39,0,0,1,69,88,1,1,2,https://www.youtube.com/watch?v=None&t=0
,0a922e50f9f9a3e650e322dd3d96f0e5,2025/02/09,Aurora,MediocreRyden,22,Vanessa,Myke623,21,Kage,3,2,,39,0,0,1,74,88,1,1,2,https://www.youtube.com/watch?v=None&t=0
,0a922e50f9f9a3e650e322dd3d96f0e5,2025/02/09,Aurora,MediocreRyden,22,Vanessa,Myke623,21,Kage,3,2,,39,0,0,1,74,88,1,1,2,https://www.youtube.com/watch?v=None&t=0
,0a922e50f9f9a3e650e322dd3d96f0e5,2025/02/09,Aurora,MediocreRyden,22,Vanessa,Myke623,21,Kage,3,2,,39,0,0,1,69,88,1,1,2,https://www.youtube.com/watch?v=None&t=0
,0a922e50f9f9a3e650e322dd3d96f0e5,2025/02/09,Aurora,MediocreRyden,22,Vanessa,Myke623,21,Kage,3,2,,39,0,0,1,69,88,1,1,2,https://www.youtube.com/watch?v=None&t=0
,0a922e50f9f9a3e650e322dd3d96f0e5,2025/02/09,Aurora,MediocreRyden,22,Vanessa,Myke623,21,Kage,3,2,,38,0,0,1,69,88,1,1,2,https://www.youtube.com/watch?v=None&t=0
,0a922e50f9f9a3e650e322dd3d96f0e5,2025/02/09,Aurora,MediocreRyden,22,Vanessa,Myke623,21,Kage,3,2,,38,0,0,1,67,88,1,1,2,https://www.youtube.com/watch?v=None&t=0
,0a922e50f9f9a3e650e322dd3d96f0e5,2025/02/09,Aurora,MediocreRyden,22,Vanessa,Myke623,21,Kage,3,2,,38,0,0,1,66,88,1,1,2,https://www.youtube.com/watch?v=None&t=0
,0a922e50f9f9a3e650e322dd3d96f0e5,2025/02/09,Aurora,MediocreRyden,22,Vanessa,Myke623,21,Kage,3,2,,38,0,0,1,66,88,1,1,2,https://www.youtube.com/watch?v=None&t=0
,0a922e50f9f9a3e650e322dd3d96f0e5,2025/02/09,Aurora,MediocreRyden,22,Vanessa,Myke623,21,Kage,3,2,,38,0,0,1,61,88,1,1,2,https://www.youtube.com/watch?v=None&t=0
,0a922e50f9f9a3e650e322dd3d96f0e5,2025/02/09,Aurora,MediocreRyden,22,Vanessa,Myke623,21,Kage,3,2,,36,0,0,1,46,88,1,1,2,https://www.youtube.com/watch?v=None&t=0
,0a922e50f9f9a3e650e322dd3d96f0e5,2025/02/09,Aurora,MediocreRyden,22,Vanessa,Myke623,21,Kage,3,2,,36,0,0,1,46,88,1,1,2,https://www.youtube.com/watch?v=None&t=0
,0a922e50f9f9a3e650e322dd3d96f0e5,2025/02/09,Aurora,MediocreRyden,22,Vanessa,Myke623,21,Kage,3,2,,36,0,0,1,47,88,1,1,2,https://www.youtube.com/watch?v=None&t=0
,0a922e50f9f9a3e650e322dd3d96f0e5,2025/02/09,Aurora,MediocreRyden,22,Vanessa,Myke623,21,Kage,3,2,,36,0,0,1,48,87,1,1,2,https://www.youtube.com/watch?v=None&t=0
,0a922e50f9f9a3e650e322dd3d96f0e5,2025/02/09,Aurora,MediocreRyden,22,Vanessa,Myke623,21,Kage,3,2,,36,0,0,1,48,87,1,1,2,https://www.youtube.com/watch?v=None&t=0
,0a922e50f9f9a3e650e322dd3d96f0e5,2025/02/09,Aurora,MediocreRyden,22,Vanessa,Myke623,21,Kage,3,2,,36,0,0,1,48,87,1,1,2,https://www.youtube.com/watch?v=None&t=0
,0a922e50f9f9a3e650e322dd3d96f0e5,2025/02/09,Aurora,MediocreRyden,22,Vanessa,Myke623,21,Kage,3,2,,36,0,0,1,48,87,1,1,2,https://www.youtube.com/watch?v=None&t=0
,0a922e50f9f9a3e650e322dd3d96f0e5,2025/02/09,Aurora,MediocreRyden,22,Vanessa,Myke623,21,Kage,3,2,,35,0,0,1,48,87,1,1,2,https://www.youtube.com/watch?v=None&t=0
,0a922e50f9f9a3e650e322dd3d96f0e5,2025/02/09,Aurora,MediocreRyden,22,Vanessa,Myke623,21,Kage,3,2,,35,0,0,1,48,87,1,1,2,https://www.youtube.com/watch?v=None&t=0
,0a922e50f9f9a3e650e322dd3d96f0e5,2025/02/09,Aurora,MediocreRyden,22,Vanessa,Myke623,21,Kage,3,2,,35,0,0,1,48,87,1,1,2,https://www.youtube.com/watch?v=None&t=0
,0a922e50f9f9a3e650e322dd3d96f0e5,2025/02/09,Aurora,MediocreRyden,22,Vanessa,Myke623,21,Kage,3,2,,35,0,0,1,48,87,1,1,2,https://www.youtube.com/watch?v=None&t=0
,0a922e50f9f9a3e650e322dd3d96f0e5,2025/02/09,Aurora,MediocreRyden,22,Vanessa,Myke623,21,Kage,3,2,,35,0,0,1,48,87,1,1,2,https://www.youtube.com/watch?v=None&t=0
,0a922e50f9f9a3e650e322dd3d96f0e5,2025/02/09,Aurora,MediocreRyden,22,Vanessa,Myke623,21,Kage,3,2,,35,0,0,1,48,87,1,1,2,https://www.youtube.com/watch?v=None&t=0
,0a922e50f9f9a3e650e322dd3d96f0e5,2025/02/09,Aurora,MediocreRyden,22,Vanessa,Myke623,21,Kage,3,2,,35,0,0,1,48,87,1,1,2,https://www.youtube.com/watch?v=None&t=0
,0a922e50f9f9a3e650e322dd3d96f0e5,2025/02/09,Aurora,MediocreRyden,22,Vanessa,Myke623,21,Kage,3,2,,35,0,0,1,48,88,1,1,2,https://www.youtube.com/watch?v=None&t=0
,0a922e50f9f9a3e650e322dd3d96f0e5,2025/02/09,Aurora,MediocreRyden,22,Vanessa,Myke623,21,Kage,3,2,,35,0,0,1,48,88,1,1,2,https://www.youtube.com/watch?v=None&t=0
,0a922e50f9f9a3e650e322dd3d96f0e5,2025/02/09,Aurora,MediocreRyden,22,Vanessa,Myke623,21,Kage,3,2,,33,0,0,1,48,68,1,1,2,https://www.youtube.com/watch?v=None&t=0
,0a922e50f9f9a3e650e322dd3d96f0e5,2025/02/09,Aurora,MediocreRyden,22,Vanessa,Myke623,21,Kage,3,2,,33,0,0,1,48,68,1,1,2,https://www.youtube.com/watch?v=None&t=0
,0a922e50f9f9a3e650e322dd3d96f0e5,2025/02/09,Aurora,MediocreRyden,22,Vanessa,Myke623,21,Kage,3,2,,33,0,0,1,48,67,1,1,2,https://www.youtube.com/watch?v=None&t=0
,0a922e50f9f9a3e650e322dd3d96f0e5,2025/02/09,Aurora,MediocreRyden,22,Vanessa,Myke623,21,Kage,3,2,,33,0,0,1,48,68,1,1,2,https://www.youtube.com/watch?v=None&t=0
,0a922e50f9f9a3e650e322dd3d96f0e5,2025/02/09,Aurora,MediocreRyden,22,Vanessa,Myke623,21,Kage,3,2,,33,0,0,1,48,68,1,1,2,https://www.youtube.com/watch?v=None&t=0
,0a922e50f9f9a3e650e322dd3d96f0e5,2025/02/09,Aurora,MediocreRyden,22,Vanessa,Myke623,21,Kage,3,2,,33,0,0,1,48,68,1,1,2,https://www.youtube.com/watch?v=None&t=0
,0a922e50f9f9a3e650e322dd3d96f0e5,2025/02/09,Aurora,MediocreRyden,22,Vanessa,Myke623,21,Kage,3,2,,33,0,0,1,48,67,1,1,2,https://www.youtube.com/watch?v=None&t=0
,0a922e50f9f9a3e650e322dd3d96f0e5,2025/02/09,Aurora,MediocreRyden,22,Vanessa,Myke623,21,Kage,3,2,,33,0,0,1,48,68,1,1,2,https://www.youtube.com/watch?v=None&t=0
,0a922e50f9f9a3e650e322dd3d96f0e5,2025/02/09,Aurora,MediocreRyden,22,Vanessa,Myke623,21,Kage,3,2,,33,0,0,1,48,68,1,1,2,https://www.youtube.com/watch?v=None&t=0
,0a922e50f9f9a3e650e322dd3d96f0e5,2025/02/09,Aurora,MediocreRyden,22,Vanessa,Myke623,21,Kage,3,2,,33,0,0,1,48,68,1,1,2,https://www.youtube.com/watch?v=None&t=0
,0a922e50f9f9a3e650e322dd3d96f0e5,2025/02/09,Aurora,MediocreRyden,22,Vanessa,Myke623,21,Kage,3,2,,32,0,0,1,47,67,1,1,2,https://www.youtube.com/watch?v=None&t=0
,0a922e50f9f9a3e650e322dd3d96f0e5,2025/02/09,Aurora,MediocreRyden,22,Vanessa,Myke623,21,Kage,3,2,,32,0,0,1,33,67,1,1,2,https://www.youtube.com/watch?v=None&t=0
,0a922e50f9f9a3e650e322dd3d96f0e5,2025/02/09,Aurora,MediocreRyden,22,Vanessa,Myke623,21,Kage,3,2,,32,0,0,1,36,66,1,1,2,https://www.youtube.com/watch?v=None&t=0
,0a922e50f9f9a3e650e322dd3d96f0e5,2025/02/09,Aurora,MediocreRyden,22,Vanessa,Myke623,21,Kage,3,2,,30,0,0,1,14,67,1,1,2,https://www.youtube.com/watch?v=None&t=0
,0a922e50f9f9a3e650e322dd3d96f0e5,2025/02/09,Aurora,MediocreRyden,22,Vanessa,Myke623,21,Kage,3,2,,30,0,0,1,14,68,1,1,2,https://www.youtube.com/watch?v=None&t=0
,0a922e50f9f9a3e650e322dd3d96f0e5,2025/02/09,Aurora,MediocreRyden,22,Vanessa,Myke623,21,Kage,3,2,,30,0,0,1,14,68,1,1,2,https://www.youtube.com/watch?v=None&t=0
,0a922e50f9f9a3e650e322dd3d96f0e5,2025/02/09,Aurora,MediocreRyden,22,Vanessa,Myke623,21,Kage,3,2,,30,0,0,1,14,68,1,1,2,https://www.youtube.com/watch?v=None&t=0
,0a922e50f9f9a3e650e322dd3d96f0e5,2025/02/09,Aurora,MediocreRyden,22,Vanessa,Myke623,21,Kage,3,2,,30,0,0,1,14,68,1,1,2,https://www.youtube.com/watch?v=None&t=0
,0a922e50f9f9a3e650e322dd3d96f0e5,2025/02/09,Aurora,MediocreRyden,22,Vanessa,Myke623,21,Kage,3,2,,29,0,0,1,14,68,1,1,2,https://www.youtube.com/watch?v=None&t=0
,0a922e50f9f9a3e650e322dd3d96f0e5,2025/02/09,Aurora,MediocreRyden,22,Vanessa,Myke623,21,Kage,3,2,,29,0,0,1,14,68,1,1,2,https://www.youtube.com/watch?v=None&t=0
,0a922e50f9f9a3e650e322dd3d96f0e5,2025/02/09,Aurora,MediocreRyden,22,Vanessa,Myke623,21,Kage,3,2,,29,0,0,1,14,68,1,1,2,https://www.youtube.com/watch?v=None&t=0
,0a922e50f9f9a3e650e322dd3d96f0e5,2025/02/09,Aurora,MediocreRyden,22,Vanessa,Myke623,21,Kage,3,2,,29,0,0,1,14,68,1,1,2,https://www.youtube.com/watch?v=None&t=0
,0a922e50f9f9a3e650e322dd3d96f0e5,2025/02/09,Aurora,MediocreRyden,22,Vanessa,Myke623,21,Kage,3,2,,29,0,0,1,14,68,1,1,2,https://www.youtube.com/watch?v=None&t=0
,0a922e50f9f9a3e650e322dd3d96f0e5,2025/02/09,Aurora,MediocreRyden,22,Vanessa,Myke623,21,Kage,3,2,,29,0,0,1,14,68,1,1,2,https://www.youtube.com/watch?v=None&t=0
,0a922e50f9f9a3e650e322dd3d96f0e5,2025/02/09,Aurora,MediocreRyden,22,Vanessa,Myke623,21,Kage,3,2,,29,0,0,1,14,68,1,1,2,https://www.youtube.com/watch?v=None&t=0
,0a922e50f9f9a3e650e322dd3d96f0e5,2025/02/09,Aurora,MediocreRyden,22,Vanessa,Myke623,21,Kage,3,2,,29,0,0,1,14,68,1,1,2,https://www.youtube.com/watch?v=None&t=0
,0a922e50f9f9a3e650e322dd3d96f0e5,2025/02/09,Aurora,MediocreRyden,22,Vanessa,Myke623,21,Kage,3,2,,29,0,0,1,14,68,1,1,2,https://www.youtube.com/watch?v=None&t=0
,0a922e50f9f9a3e650e322dd3d96f0e5,2025/02/09,Aurora,MediocreRyden,22,Vanessa,Myke623,21,Kage,3,2,,29,0,0,1,14,68,1,1,2,https://www.youtube.com/watch?v=None&t=0
,0a922e50f9f9a3e650e322dd3d96f0e5,2025/02/09,Aurora,MediocreRyden,22,Vanessa,Myke623,21,Kage,3,2,,29,0,0,1,14,68,1,1,2,https://www.youtube.com/watch?v=None&t=0
,0a922e50f9f9a3e650e322dd3d96f0e5,2025/02/09,Aurora,MediocreRyden,22,Vanessa,Myke623,21,Kage,3,2,,29,0,0,1,14,68,1,1,2,https://www.youtube.com/watch?v=None&t=0
,0a922e50f9f9a3e650e322dd3d96f0e5,2025/02/09,Aurora,MediocreRyden,22,Vanessa,Myke623,21,Kage,3,2,,28,0,0,1,11,68,1,1,2,https://www.youtube.com/watch?v=None&t=0
,0a922e50f9f9a3e650e322dd3d96f0e5,2025/02/09,Aurora,MediocreRyden,22,Vanessa,Myke623,21,Kage,3,2,,27,0,0,1,14,67,1,1,2,https://www.youtube.com/watch?v=None&t=0
,0a922e50f9f9a3e650e322dd3d96f0e5,2025/02/09,Aurora,MediocreRyden,22,Vanessa,Myke623,21,Kage,3,2,,27,0,0,1,4,66,1,1,2,https://www.youtube.com/watch?v=None&t=0
,0a922e50f9f9a3e650e322dd3d96f0e5,2025/02/09,Aurora,MediocreRyden,22,Vanessa,Myke623,21,Kage,3,2,,26,0,0,1,4,66,1,1,2,https://www.youtube.com/watch?v=None&t=0
,0a922e50f9f9a3e650e322dd3d96f0e5,2025/02/09,Aurora,MediocreRyden,22,Vanessa,Myke623,21,Kage,3,2,,26,0,0,1,1,65,1,1,2,https://www.youtube.com/watch?v=None&t=0
,0a922e50f9f9a3e650e322dd3d96f0e5,2025/02/09,Aurora,MediocreRyden,22,Vanessa,Myke623,21,Kage,3,2,,26,0,0,1,1,64,1,1,2,https://www.youtube.com/watch?v=None&t=0
,0a922e50f9f9a3e650e322dd3d96f0e5,2025/02/09,Aurora,MediocreRyden,22,Vanessa,Myke623,21,Kage,3,2,,26,0,0,1,1,64,1,1,2,https://www.youtube.com/watch?v=None&t=0
,0a922e50f9f9a3e650e322dd3d96f0e5,2025/02/09,Aurora,MediocreRyden,22,Vanessa,Myke623,21,Kage,3,2,,26,0,0,1,1,64,1,1,2,https://www.youtube.com/watch?v=None&t=0
,0a922e50f9f9a3e650e322dd3d96f0e5,2025/02/09,Aurora,MediocreRyden,22,Vanessa,Myke623,21,Kage,3,2,KO,26.00,,,1,1,64,1,2,2,https://www.youtube.com/watch?v=None&t=0
,0a922e50f9f9a3e650e322dd3d96f0e5,2025/02/09,Aurora,MediocreRyden,22,Vanessa,Myke623,21,Kage,4,2,,45,0,0,2,100,100,1,2,2,https://www.youtube.com/watch?v=None&t=0
,0a922e50f9f9a3e650e322dd3d96f0e5,2025/02/09,Aurora,MediocreRyden,22,Vanessa,Myke623,21,Kage,4,2,,44,0,0,2,100,100,1,2,2,https://www.youtube.com/watch?v=None&t=0
,0a922e50f9f9a3e650e322dd3d96f0e5,2025/02/09,Aurora,MediocreRyden,22,Vanessa,Myke623,21,Kage,4,2,,44,0,0,2,100,100,1,2,2,https://www.youtube.com/watch?v=None&t=0
,0a922e50f9f9a3e650e322dd3d96f0e5,2025/02/09,Aurora,MediocreRyden,22,Vanessa,Myke623,21,Kage,4,2,,43,0,0,2,88,100,1,2,2,https://www.youtube.com/watch?v=None&t=0
,0a922e50f9f9a3e650e322dd3d96f0e5,2025/02/09,Aurora,MediocreRyden,22,Vanessa,Myke623,21,Kage,4,2,,42,0,0,2,89,86,1,2,2,https://www.youtube.com/watch?v=None&t=0
,0a922e50f9f9a3e650e322dd3d96f0e5,2025/02/09,Aurora,MediocreRyden,22,Vanessa,Myke623,21,Kage,4,2,,41,0,0,2,89,87,1,2,2,https://www.youtube.com/watch?v=None&t=0
,0a922e50f9f9a3e650e322dd3d96f0e5,2025/02/09,Aurora,MediocreRyden,22,Vanessa,Myke623,21,Kage,4,2,,41,0,0,2,89,87,1,2,2,https://www.youtube.com/watch?v=None&t=0
,0a922e50f9f9a3e650e322dd3d96f0e5,2025/02/09,Aurora,MediocreRyden,22,Vanessa,Myke623,21,Kage,4,2,,41,0,0,2,82,87,1,2,2,https://www.youtube.com/watch?v=None&t=0
,0a922e50f9f9a3e650e322dd3d96f0e5,2025/02/09,Aurora,MediocreRyden,22,Vanessa,Myke623,21,Kage,4,2,,41,0,0,2,82,87,1,2,2,https://www.youtube.com/watch?v=None&t=0
,0a922e50f9f9a3e650e322dd3d96f0e5,2025/02/09,Aurora,MediocreRyden,22,Vanessa,Myke623,21,Kage,4,2,,40,0,0,2,82,87,1,2,2,https://www.youtube.com/watch?v=None&t=0
,0a922e50f9f9a3e650e322dd3d96f0e5,2025/02/09,Aurora,MediocreRyden,22,Vanessa,Myke623,21,Kage,4,2,,40,0,0,2,76,87,1,2,2,https://www.youtube.com/watch?v=None&t=0
,0a922e50f9f9a3e650e322dd3d96f0e5,2025/02/09,Aurora,MediocreRyden,22,Vanessa,Myke623,21,Kage,4,2,,40,0,0,2,81,87,1,2,2,https://www.youtube.com/watch?v=None&t=0
,0a922e50f9f9a3e650e322dd3d96f0e5,2025/02/09,Aurora,MediocreRyden,22,Vanessa,Myke623,21,Kage,4,2,,40,0,0,2,81,87,1,2,2,https://www.youtube.com/watch?v=None&t=0
,0a922e50f9f9a3e650e322dd3d96f0e5,2025/02/09,Aurora,MediocreRyden,22,Vanessa,Myke623,21,Kage,4,2,,40,0,0,2,76,87,1,2,2,https://www.youtube.com/watch?v=None&t=0
,0a922e50f9f9a3e650e322dd3d96f0e5,2025/02/09,Aurora,MediocreRyden,22,Vanessa,Myke623,21,Kage,4,2,,40,0,0,2,75,87,1,2,2,https://www.youtube.com/watch?v=None&t=0
,0a922e50f9f9a3e650e322dd3d96f0e5,2025/02/09,Aurora,MediocreRyden,22,Vanessa,Myke623,21,Kage,4,2,,40,0,0,2,75,87,1,2,2,https://www.youtube.com/watch?v=None&t=0
,0a922e50f9f9a3e650e322dd3d96f0e5,2025/02/09,Aurora,MediocreRyden,22,Vanessa,Myke623,21,Kage,4,2,,38,0,0,2,76,85,1,2,2,https://www.youtube.com/watch?v=None&t=0
,0a922e50f9f9a3e650e322dd3d96f0e5,2025/02/09,Aurora,MediocreRyden,22,Vanessa,Myke623,21,Kage,4,2,,38,0,0,2,76,86,1,2,2,https://www.youtube.com/watch?v=None&t=0
,0a922e50f9f9a3e650e322dd3d96f0e5,2025/02/09,Aurora,MediocreRyden,22,Vanessa,Myke623,21,Kage,4,2,,38,0,0,2,76,86,1,2,2,https://www.youtube.com/watch?v=None&t=0
,0a922e50f9f9a3e650e322dd3d96f0e5,2025/02/09,Aurora,MediocreRyden,22,Vanessa,Myke623,21,Kage,4,2,,38,0,0,2,76,86,1,2,2,https://www.youtube.com/watch?v=None&t=0
,0a922e50f9f9a3e650e322dd3d96f0e5,2025/02/09,Aurora,MediocreRyden,22,Vanessa,Myke623,21,Kage,4,2,,38,0,0,2,76,86,1,2,2,https://www.youtube.com/watch?v=None&t=0
,0a922e50f9f9a3e650e322dd3d96f0e5,2025/02/09,Aurora,MediocreRyden,22,Vanessa,Myke623,21,Kage,4,2,,38,0,0,2,76,86,1,2,2,https://www.youtube.com/watch?v=None&t=0
,0a922e50f9f9a3e650e322dd3d96f0e5,2025/02/09,Aurora,MediocreRyden,22,Vanessa,Myke623,21,Kage,4,2,,38,0,0,2,76,86,1,2,2,https://www.youtube.com/watch?v=None&t=0
,0a922e50f9f9a3e650e322dd3d96f0e5,2025/02/09,Aurora,MediocreRyden,22,Vanessa,Myke623,21,Kage,4,2,,38,0,0,2,76,87,1,2,2,https://www.youtube.com/watch?v=None&t=0
,0a922e50f9f9a3e650e322dd3d96f0e5,2025/02/09,Aurora,MediocreRyden,22,Vanessa,Myke623,21,Kage,4,2,,38,0,0,2,76,87,1,2,2,https://www.youtube.com/watch?v=None&t=0
,0a922e50f9f9a3e650e322dd3d96f0e5,2025/02/09,Aurora,MediocreRyden,22,Vanessa,Myke623,21,Kage,4,2,,37,0,0,2,76,85,1,2,2,https://www.youtube.com/watch?v=None&t=0
,0a922e50f9f9a3e650e322dd3d96f0e5,2025/02/09,Aurora,MediocreRyden,22,Vanessa,Myke623,21,Kage,4,2,,37,0,0,2,76,76,1,2,2,https://www.youtube.com/watch?v=None&t=0
,0a922e50f9f9a3e650e322dd3d96f0e5,2025/02/09,Aurora,MediocreRyden,22,Vanessa,Myke623,21,Kage,4,2,,37,0,0,2,76,73,1,2,2,https://www.youtube.com/watch?v=None&t=0
,0a922e50f9f9a3e650e322dd3d96f0e5,2025/02/09,Aurora,MediocreRyden,22,Vanessa,Myke623,21,Kage,4,2,,37,0,0,2,76,67,1,2,2,https://www.youtube.com/watch?v=None&t=0
,0a922e50f9f9a3e650e322dd3d96f0e5,2025/02/09,Aurora,MediocreRyden,22,Vanessa,Myke623,21,Kage,4,2,,35,0,0,2,73,65,1,2,2,https://www.youtube.com/watch?v=None&t=0
,0a922e50f9f9a3e650e322dd3d96f0e5,2025/02/09,Aurora,MediocreRyden,22,Vanessa,Myke623,21,Kage,4,2,,35,0,0,2,68,64,1,2,2,https://www.youtube.com/watch?v=None&t=0
,0a922e50f9f9a3e650e322dd3d96f0e5,2025/02/09,Aurora,MediocreRyden,22,Vanessa,Myke623,21,Kage,4,2,,35,0,0,2,67,64,1,2,2,https://www.youtube.com/watch?v=None&t=0
,0a922e50f9f9a3e650e322dd3d96f0e5,2025/02/09,Aurora,MediocreRyden,22,Vanessa,Myke623,21,Kage,4,2,,35,0,0,2,56,63,1,2,2,https://www.youtube.com/watch?v=None&t=0
,0a922e50f9f9a3e650e322dd3d96f0e5,2025/02/09,Aurora,MediocreRyden,22,Vanessa,Myke623,21,Kage,4,2,,34,0,0,2,57,62,1,2,2,https://www.youtube.com/watch?v=None&t=0
,0a922e50f9f9a3e650e322dd3d96f0e5,2025/02/09,Aurora,MediocreRyden,22,Vanessa,Myke623,21,Kage,4,2,,34,0,0,2,60,64,1,2,2,https://www.youtube.com/watch?v=None&t=0
,0a922e50f9f9a3e650e322dd3d96f0e5,2025/02/09,Aurora,MediocreRyden,22,Vanessa,Myke623,21,Kage,4,2,,34,0,0,2,60,64,1,2,2,https://www.youtube.com/watch?v=None&t=0
,0a922e50f9f9a3e650e322dd3d96f0e5,2025/02/09,Aurora,MediocreRyden,22,Vanessa,Myke623,21,Kage,4,2,,34,0,0,2,60,66,1,2,2,https://www.youtube.com/watch?v=None&t=0
,0a922e50f9f9a3e650e322dd3d96f0e5,2025/02/09,Aurora,MediocreRyden,22,Vanessa,Myke623,21,Kage,4,2,,34,0,0,2,60,66,1,2,2,https://www.youtube.com/watch?v=None&t=0
,0a922e50f9f9a3e650e322dd3d96f0e5,2025/02/09,Aurora,MediocreRyden,22,Vanessa,Myke623,21,Kage,4,2,,34,0,0,2,60,66,1,2,2,https://www.youtube.com/watch?v=None&t=0
,0a922e50f9f9a3e650e322dd3d96f0e5,2025/02/09,Aurora,MediocreRyden,22,Vanessa,Myke623,21,Kage,4,2,,34,0,0,2,60,66,1,2,2,https://www.youtube.com/watch?v=None&t=0
,0a922e50f9f9a3e650e322dd3d96f0e5,2025/02/09,Aurora,MediocreRyden,22,Vanessa,Myke623,21,Kage,4,2,,33,0,0,2,60,66,1,2,2,https://www.youtube.com/watch?v=None&t=0
,0a922e50f9f9a3e650e322dd3d96f0e5,2025/02/09,Aurora,MediocreRyden,22,Vanessa,Myke623,21,Kage,4,2,,32,0,0,2,40,66,1,2,2,https://www.youtube.com/watch?v=None&t=0
,0a922e50f9f9a3e650e322dd3d96f0e5,2025/02/09,Aurora,MediocreRyden,22,Vanessa,Myke623,21,Kage,4,2,,32,0,0,2,35,66,1,2,2,https://www.youtube.com/watch?v=None&t=0
,0a922e50f9f9a3e650e322dd3d96f0e5,2025/02/09,Aurora,MediocreRyden,22,Vanessa,Myke623,21,Kage,4,2,,32,0,0,2,35,66,1,2,2,https://www.youtube.com/watch?v=None&t=0
,0a922e50f9f9a3e650e322dd3d96f0e5,2025/02/09,Aurora,MediocreRyden,22,Vanessa,Myke623,21,Kage,4,2,,31,0,0,2,25,66,1,2,2,https://www.youtube.com/watch?v=None&t=0
,0a922e50f9f9a3e650e322dd3d96f0e5,2025/02/09,Aurora,MediocreRyden,22,Vanessa,Myke623,21,Kage,4,2,,31,0,0,2,18,66,1,2,2,https://www.youtube.com/watch?v=None&t=0
,0a922e50f9f9a3e650e322dd3d96f0e5,2025/02/09,Aurora,MediocreRyden,22,Vanessa,Myke623,21,Kage,4,2,,31,0,0,2,19,66,1,2,2,https://www.youtube.com/watch?v=None&t=0
,0a922e50f9f9a3e650e322dd3d96f0e5,2025/02/09,Aurora,MediocreRyden,22,Vanessa,Myke623,21,Kage,4,2,,31,0,0,2,22,66,1,2,2,https://www.youtube.com/watch?v=None&t=0
,0a922e50f9f9a3e650e322dd3d96f0e5,2025/02/09,Aurora,MediocreRyden,22,Vanessa,Myke623,21,Kage,4,2,,30,0,0,2,22,66,1,2,2,https://www.youtube.com/watch?v=None&t=0
,0a922e50f9f9a3e650e322dd3d96f0e5,2025/02/09,Aurora,MediocreRyden,22,Vanessa,Myke623,21,Kage,4,2,,30,0,0,2,22,66,1,2,2,https://www.youtube.com/watch?v=None&t=0
,0a922e50f9f9a3e650e322dd3d96f0e5,2025/02/09,Aurora,MediocreRyden,22,Vanessa,Myke623,21,Kage,4,2,,30,0,0,2,22,65,1,2,2,https://www.youtube.com/watch?v=None&t=0
,0a922e50f9f9a3e650e322dd3d96f0e5,2025/02/09,Aurora,MediocreRyden,22,Vanessa,Myke623,21,Kage,4,2,,30,0,0,2,22,65,1,2,2,https://www.youtube.com/watch?v=None&t=0
,0a922e50f9f9a3e650e322dd3d96f0e5,2025/02/09,Aurora,MediocreRyden,22,Vanessa,Myke623,21,Kage,4,2,,29,0,0,2,16,66,1,2,2,https://www.youtube.com/watch?v=None&t=0
,0a922e50f9f9a3e650e322dd3d96f0e5,2025/02/09,Aurora,MediocreRyden,22,Vanessa,Myke623,21,Kage,4,2,,28,0,0,2,16,66,1,2,2,https://www.youtube.com/watch?v=None&t=0
,0a922e50f9f9a3e650e322dd3d96f0e5,2025/02/09,Aurora,MediocreRyden,22,Vanessa,Myke623,21,Kage,4,2,,28,0,0,2,16,66,1,2,2,https://www.youtube.com/watch?v=None&t=0
,0a922e50f9f9a3e650e322dd3d96f0e5,2025/02/09,Aurora,MediocreRyden,22,Vanessa,Myke623,21,Kage,4,2,,28,0,0,2,16,66,1,2,2,https://www.youtube.com/watch?v=None&t=0
,0a922e50f9f9a3e650e322dd3d96f0e5,2025/02/09,Aurora,MediocreRyden,22,Vanessa,Myke623,21,Kage,4,2,,28,0,0,2,16,66,1,2,2,https://www.youtube.com/watch?v=None&t=0
,0a922e50f9f9a3e650e322dd3d96f0e5,2025/02/09,Aurora,MediocreRyden,22,Vanessa,Myke623,21,Kage,4,2,,28,0,0,2,16,66,1,2,2,https://www.youtube.com/watch?v=None&t=0
,0a922e50f9f9a3e650e322dd3d96f0e5,2025/02/09,Aurora,MediocreRyden,22,Vanessa,Myke623,21,Kage,4,2,,28,0,0,2,16,66,1,2,2,https://www.youtube.com/watch?v=None&t=0
,0a922e50f9f9a3e650e322dd3d96f0e5,2025/02/09,Aurora,MediocreRyden,22,Vanessa,Myke623,21,Kage,4,2,,28,0,0,2,16,66,1,2,2,https://www.youtube.com/watch?v=None&t=0
,0a922e50f9f9a3e650e322dd3d96f0e5,2025/02/09,Aurora,MediocreRyden,22,Vanessa,Myke623,21,Kage,4,2,,28,0,0,2,16,66,1,2,2,https://www.youtube.com/watch?v=None&t=0
,0a922e50f9f9a3e650e322dd3d96f0e5,2025/02/09,Aurora,MediocreRyden,22,Vanessa,Myke623,21,Kage,4,2,,28,0,0,2,16,66,1,2,2,https://www.youtube.com/watch?v=None&t=0
,0a922e50f9f9a3e650e322dd3d96f0e5,2025/02/09,Aurora,MediocreRyden,22,Vanessa,Myke623,21,Kage,4,2,,27,0,0,2,9,66,1,2,2,https://www.youtube.com/watch?v=None&t=0
,0a922e50f9f9a3e650e322dd3d96f0e5,2025/02/09,Aurora,MediocreRyden,22,Vanessa,Myke623,21,Kage,4,2,,27,0,0,2,7,66,1,2,2,https://www.youtube.com/watch?v=None&t=0
,0a922e50f9f9a3e650e322dd3d96f0e5,2025/02/09,Aurora,MediocreRyden,22,Vanessa,Myke623,21,Kage,4,2,,27,0,0,2,5,66,1,2,2,https://www.youtube.com/watch?v=None&t=0
,0a922e50f9f9a3e650e322dd3d96f0e5,2025/02/09,Aurora,MediocreRyden,22,Vanessa,Myke623,21,Kage,4,2,KO,27.00,,,2,5,66,1,3,2,https://www.youtube.com/watch?v=None&t=0
