Stage,Player 1 Ringname,Player 1 Rank,Player 1 Character,Player 2 Ringname,Player 2 Rank,Player 2 Character,round_number,Winning Player Number,How Round Ended,Time Remaining When Round Ended,Shun.Drinks.1P,Shun.Drinks.2P,Strike First Player,P1 Health,P2 Health,P1 Rounds Won So Far,P2 Rounds Won So Far,Match Winner
Palace,B.S.R-NA,27,Wolf,SuperGolden,30,Blaze,0,0,NA,0,,
Palace,B.S.R-NA,27,Wolf,SuperGolden,30,Blaze,1,2,,45,0,0,,100,100,0,0,2
Palace,B.S.R-NA,27,Wolf,SuperGolden,30,Blaze,1,2,,44,0,0,,100,100,0,0,2
Palace,B.S.R-NA,27,Wolf,SuperGolden,30,Blaze,1,2,,44,0,0,,86,100,0,0,2
Palace,B.S.R-NA,27,Wolf,SuperGolden,30,Blaze,1,2,,44,0,0,,86,100,0,0,2
Palace,B.S.R-NA,27,Wolf,SuperGolden,30,Blaze,1,2,,44,0,0,,86,100,0,0,2
Palace,B.S.R-NA,27,Wolf,SuperGolden,30,Blaze,1,2,,44,0,0,,86,100,0,0,2
Palace,B.S.R-NA,27,Wolf,SuperGolden,30,Blaze,1,2,,44,0,0,,86,100,0,0,2
Palace,B.S.R-NA,27,Wolf,SuperGolden,30,Blaze,1,2,,43,0,0,,86,100,0,0,2
Palace,B.S.R-NA,27,Wolf,SuperGolden,30,Blaze,1,2,,43,0,0,,82,100,0,0,2
Palace,B.S.R-NA,27,Wolf,SuperGolden,30,Blaze,1,2,,43,0,0,,81,100,0,0,2
Palace,B.S.R-NA,27,Wolf,SuperGolden,30,Blaze,1,2,,43,0,0,,81,100,0,0,2
Palace,B.S.R-NA,27,Wolf,SuperGolden,30,Blaze,1,2,,43,0,0,,76,100,0,0,2
Palace,B.S.R-NA,27,Wolf,SuperGolden,30,Blaze,1,2,,42,0,0,,76,100,0,0,2
Palace,B.S.R-NA,27,Wolf,SuperGolden,30,Blaze,1,2,,42,0,0,,72,100,0,0,2
Palace,B.S.R-NA,27,Wolf,SuperGolden,30,Blaze,1,2,,42,0,0,,70,100,0,0,2
Palace,B.S.R-NA,27,Wolf,SuperGolden,30,Blaze,1,2,,42,0,0,,72,100,0,0,2
Palace,B.S.R-NA,27,Wolf,SuperGolden,30,Blaze,1,2,,41,0,0,,69,100,0,0,2
Palace,B.S.R-NA,27,Wolf,SuperGolden,30,Blaze,1,2,,41,0,0,,68,100,0,0,2
Palace,B.S.R-NA,27,Wolf,SuperGolden,30,Blaze,1,2,,41,0,0,,68,100,0,0,2
Palace,B.S.R-NA,27,Wolf,SuperGolden,30,Blaze,1,2,,41,0,0,,68,100,0,0,2
Palace,B.S.R-NA,27,Wolf,SuperGolden,30,Blaze,1,2,,41,0,0,,68,100,0,0,2
Palace,B.S.R-NA,27,Wolf,SuperGolden,30,Blaze,1,2,,41,0,0,,59,100,0,0,2
Palace,B.S.R-NA,27,Wolf,SuperGolden,30,Blaze,1,2,,41,0,0,,59,100,0,0,2
Palace,B.S.R-NA,27,Wolf,SuperGolden,30,Blaze,1,2,,41,0,0,,59,100,0,0,2
Palace,B.S.R-NA,27,Wolf,SuperGolden,30,Blaze,1,2,,41,0,0,,59,100,0,0,2
Palace,B.S.R-NA,27,Wolf,SuperGolden,30,Blaze,1,2,,41,0,0,,59,100,0,0,2
Palace,B.S.R-NA,27,Wolf,SuperGolden,30,Blaze,1,2,,40,0,0,,59,100,0,0,2
Palace,B.S.R-NA,27,Wolf,SuperGolden,30,Blaze,1,2,,40,0,0,,59,100,0,0,2
Palace,B.S.R-NA,27,Wolf,SuperGolden,30,Blaze,1,2,,40,0,0,,59,100,0,0,2
Palace,B.S.R-NA,27,Wolf,SuperGolden,30,Blaze,1,2,,40,0,0,,59,100,0,0,2
Palace,B.S.R-NA,27,Wolf,SuperGolden,30,Blaze,1,2,,40,0,0,,59,100,0,0,2
Palace,B.S.R-NA,27,Wolf,SuperGolden,30,Blaze,1,2,,40,0,0,,59,100,0,0,2
Palace,B.S.R-NA,27,Wolf,SuperGolden,30,Blaze,1,2,,40,0,0,,59,100,0,0,2
Palace,B.S.R-NA,27,Wolf,SuperGolden,30,Blaze,1,2,,39,0,0,,59,100,0,0,2
Palace,B.S.R-NA,27,Wolf,SuperGolden,30,Blaze,1,2,,39,0,0,,48,100,0,0,2
Palace,B.S.R-NA,27,Wolf,SuperGolden,30,Blaze,1,2,,39,0,0,,48,100,0,0,2
Palace,B.S.R-NA,27,Wolf,SuperGolden,30,Blaze,1,2,,39,0,0,,47,100,0,0,2
Palace,B.S.R-NA,27,Wolf,SuperGolden,30,Blaze,1,2,,39,0,0,,46,100,0,0,2
Palace,B.S.R-NA,27,Wolf,SuperGolden,30,Blaze,1,2,,38,0,0,,43,100,0,0,2
Palace,B.S.R-NA,27,Wolf,SuperGolden,30,Blaze,1,2,,38,0,0,,42,100,0,0,2
Palace,B.S.R-NA,27,Wolf,SuperGolden,30,Blaze,1,2,,38,0,0,,40,100,0,0,2
Palace,B.S.R-NA,27,Wolf,SuperGolden,30,Blaze,1,2,,38,0,0,,40,100,0,0,2
Palace,B.S.R-NA,27,Wolf,SuperGolden,30,Blaze,1,2,,38,0,0,,40,100,0,0,2
Palace,B.S.R-NA,27,Wolf,SuperGolden,30,Blaze,1,2,,38,0,0,,40,100,0,0,2
Palace,B.S.R-NA,27,Wolf,SuperGolden,30,Blaze,1,2,,38,0,0,,40,100,0,0,2
Palace,B.S.R-NA,27,Wolf,SuperGolden,30,Blaze,1,2,,38,0,0,,40,100,0,0,2
Palace,B.S.R-NA,27,Wolf,SuperGolden,30,Blaze,1,2,,38,0,0,,40,100,0,0,2
Palace,B.S.R-NA,27,Wolf,SuperGolden,30,Blaze,1,2,,38,0,0,,36,100,0,0,2
Palace,B.S.R-NA,27,Wolf,SuperGolden,30,Blaze,1,2,,37,0,0,,36,100,0,0,2
Palace,B.S.R-NA,27,Wolf,SuperGolden,30,Blaze,1,2,,37,0,0,,36,100,0,0,2
Palace,B.S.R-NA,27,Wolf,SuperGolden,30,Blaze,1,2,,37,0,0,,36,100,0,0,2
Palace,B.S.R-NA,27,Wolf,SuperGolden,30,Blaze,1,2,,37,0,0,,36,100,0,0,2
Palace,B.S.R-NA,27,Wolf,SuperGolden,30,Blaze,1,2,,37,0,0,,36,100,0,0,2
Palace,B.S.R-NA,27,Wolf,SuperGolden,30,Blaze,1,2,,37,0,0,,36,100,0,0,2
Palace,B.S.R-NA,27,Wolf,SuperGolden,30,Blaze,1,2,,37,0,0,,36,100,0,0,2
Palace,B.S.R-NA,27,Wolf,SuperGolden,30,Blaze,1,2,,37,0,0,,36,100,0,0,2
Palace,B.S.R-NA,27,Wolf,SuperGolden,30,Blaze,1,2,,37,0,0,,37,100,0,0,2
Palace,B.S.R-NA,27,Wolf,SuperGolden,30,Blaze,1,2,,37,0,0,,36,100,0,0,2
Palace,B.S.R-NA,27,Wolf,SuperGolden,30,Blaze,1,2,,36,0,0,,36,100,0,0,2
Palace,B.S.R-NA,27,Wolf,SuperGolden,30,Blaze,1,2,,36,0,0,,36,100,0,0,2
Palace,B.S.R-NA,27,Wolf,SuperGolden,30,Blaze,1,2,,36,0,0,,36,100,0,0,2
Palace,B.S.R-NA,27,Wolf,SuperGolden,30,Blaze,1,2,,36,0,0,,37,100,0,0,2
Palace,B.S.R-NA,27,Wolf,SuperGolden,30,Blaze,1,2,,36,0,0,,37,100,0,0,2
Palace,B.S.R-NA,27,Wolf,SuperGolden,30,Blaze,1,2,,36,0,0,,37,100,0,0,2
Palace,B.S.R-NA,27,Wolf,SuperGolden,30,Blaze,1,2,,36,0,0,,37,100,0,0,2
Palace,B.S.R-NA,27,Wolf,SuperGolden,30,Blaze,1,2,,36,0,0,,37,100,0,0,2
Palace,B.S.R-NA,27,Wolf,SuperGolden,30,Blaze,1,2,,35,0,0,,37,100,0,0,2
Palace,B.S.R-NA,27,Wolf,SuperGolden,30,Blaze,1,2,,35,0,0,,37,100,0,0,2
Palace,B.S.R-NA,27,Wolf,SuperGolden,30,Blaze,1,2,,35,0,0,,37,100,0,0,2
Palace,B.S.R-NA,27,Wolf,SuperGolden,30,Blaze,1,2,,35,0,0,,37,100,0,0,2
Palace,B.S.R-NA,27,Wolf,SuperGolden,30,Blaze,1,2,,35,0,0,,37,100,0,0,2
Palace,B.S.R-NA,27,Wolf,SuperGolden,30,Blaze,1,2,,35,0,0,,37,100,0,0,2
Palace,B.S.R-NA,27,Wolf,SuperGolden,30,Blaze,1,2,,35,0,0,,37,100,0,0,2
Palace,B.S.R-NA,27,Wolf,SuperGolden,30,Blaze,1,2,,34,0,0,,37,100,0,0,2
Palace,B.S.R-NA,27,Wolf,SuperGolden,30,Blaze,1,2,,34,0,0,,37,100,0,0,2
Palace,B.S.R-NA,27,Wolf,SuperGolden,30,Blaze,1,2,,34,0,0,,37,100,0,0,2
Palace,B.S.R-NA,27,Wolf,SuperGolden,30,Blaze,1,2,,34,0,0,,37,100,0,0,2
Palace,B.S.R-NA,27,Wolf,SuperGolden,30,Blaze,1,2,,34,0,0,,35,100,0,0,2
Palace,B.S.R-NA,27,Wolf,SuperGolden,30,Blaze,1,2,,34,0,0,,34,100,0,0,2
Palace,B.S.R-NA,27,Wolf,SuperGolden,30,Blaze,1,2,,33,0,0,,32,100,0,0,2
Palace,B.S.R-NA,27,Wolf,SuperGolden,30,Blaze,1,2,,33,0,0,,33,100,0,0,2
Palace,B.S.R-NA,27,Wolf,SuperGolden,30,Blaze,1,2,,33,0,0,,35,100,0,0,2
Palace,B.S.R-NA,27,Wolf,SuperGolden,30,Blaze,1,2,,33,0,0,,37,100,0,0,2
Palace,B.S.R-NA,27,Wolf,SuperGolden,30,Blaze,1,2,,33,0,0,,37,100,0,0,2
Palace,B.S.R-NA,27,Wolf,SuperGolden,30,Blaze,1,2,,33,0,0,,37,100,0,0,2
Palace,B.S.R-NA,27,Wolf,SuperGolden,30,Blaze,1,2,,32,0,0,,21,100,0,0,2
Palace,B.S.R-NA,27,Wolf,SuperGolden,30,Blaze,1,2,,32,0,0,,18,100,0,0,2
Palace,B.S.R-NA,27,Wolf,SuperGolden,30,Blaze,1,2,,32,0,0,,18,100,0,0,2
Palace,B.S.R-NA,27,Wolf,SuperGolden,30,Blaze,1,2,,32,0,0,,18,100,0,0,2
Palace,B.S.R-NA,27,Wolf,SuperGolden,30,Blaze,1,2,,31,0,0,,18,100,0,0,2
Palace,B.S.R-NA,27,Wolf,SuperGolden,30,Blaze,1,2,,31,0,0,,18,100,0,0,2
Palace,B.S.R-NA,27,Wolf,SuperGolden,30,Blaze,1,2,,31,0,0,,18,100,0,0,2
Palace,B.S.R-NA,27,Wolf,SuperGolden,30,Blaze,1,2,,31,0,0,,18,93,0,0,2
Palace,B.S.R-NA,27,Wolf,SuperGolden,30,Blaze,1,2,,30,0,0,,18,93,0,0,2
Palace,B.S.R-NA,27,Wolf,SuperGolden,30,Blaze,1,2,,30,0,0,,18,93,0,0,2
Palace,B.S.R-NA,27,Wolf,SuperGolden,30,Blaze,1,2,,30,0,0,,18,93,0,0,2
Palace,B.S.R-NA,27,Wolf,SuperGolden,30,Blaze,1,2,,30,0,0,,18,93,0,0,2
Palace,B.S.R-NA,27,Wolf,SuperGolden,30,Blaze,1,2,,30,0,0,,18,93,0,0,2
Palace,B.S.R-NA,27,Wolf,SuperGolden,30,Blaze,1,2,,30,0,0,,18,93,0,0,2
Palace,B.S.R-NA,27,Wolf,SuperGolden,30,Blaze,1,2,,30,0,0,,18,93,0,0,2
Palace,B.S.R-NA,27,Wolf,SuperGolden,30,Blaze,1,2,,29,0,0,,18,93,0,0,2
Palace,B.S.R-NA,27,Wolf,SuperGolden,30,Blaze,1,2,,29,0,0,,18,93,0,0,2
Palace,B.S.R-NA,27,Wolf,SuperGolden,30,Blaze,1,2,,29,0,0,,16,93,0,0,2
Palace,B.S.R-NA,27,Wolf,SuperGolden,30,Blaze,1,2,,29,0,0,,15,93,0,0,2
Palace,B.S.R-NA,27,Wolf,SuperGolden,30,Blaze,1,2,,29,0,0,,15,93,0,0,2
Palace,B.S.R-NA,27,Wolf,SuperGolden,30,Blaze,1,2,,29,0,0,,17,82,0,0,2
Palace,B.S.R-NA,27,Wolf,SuperGolden,30,Blaze,1,2,,29,0,0,,18,82,0,0,2
Palace,B.S.R-NA,27,Wolf,SuperGolden,30,Blaze,1,2,,28,0,0,,18,81,0,0,2
Palace,B.S.R-NA,27,Wolf,SuperGolden,30,Blaze,1,2,,28,0,0,,18,81,0,0,2
Palace,B.S.R-NA,27,Wolf,SuperGolden,30,Blaze,1,2,,28,0,0,,18,81,0,0,2
Palace,B.S.R-NA,27,Wolf,SuperGolden,30,Blaze,1,2,,28,0,0,,18,81,0,0,2
Palace,B.S.R-NA,27,Wolf,SuperGolden,30,Blaze,1,2,,28,0,0,,18,81,0,0,2
Palace,B.S.R-NA,27,Wolf,SuperGolden,30,Blaze,1,2,,27,0,0,,18,80,0,0,2
Palace,B.S.R-NA,27,Wolf,SuperGolden,30,Blaze,1,2,,27,0,0,,18,80,0,0,2
Palace,B.S.R-NA,27,Wolf,SuperGolden,30,Blaze,1,2,,27,0,0,,18,80,0,0,2
Palace,B.S.R-NA,27,Wolf,SuperGolden,30,Blaze,1,2,,27,0,0,,18,79,0,0,2
Palace,B.S.R-NA,27,Wolf,SuperGolden,30,Blaze,1,2,,27,0,0,,18,79,0,0,2
Palace,B.S.R-NA,27,Wolf,SuperGolden,30,Blaze,1,2,,27,0,0,,18,80,0,0,2
Palace,B.S.R-NA,27,Wolf,SuperGolden,30,Blaze,1,2,,26,0,0,,18,81,0,0,2
Palace,B.S.R-NA,27,Wolf,SuperGolden,30,Blaze,1,2,,26,0,0,,18,81,0,0,2
Palace,B.S.R-NA,27,Wolf,SuperGolden,30,Blaze,1,2,,26,0,0,,18,82,0,0,2
Palace,B.S.R-NA,27,Wolf,SuperGolden,30,Blaze,1,2,,26,0,0,,18,73,0,0,2
Palace,B.S.R-NA,27,Wolf,SuperGolden,30,Blaze,1,2,,26,0,0,,18,69,0,0,2
Palace,B.S.R-NA,27,Wolf,SuperGolden,30,Blaze,1,2,,25,0,0,,18,66,0,0,2
Palace,B.S.R-NA,27,Wolf,SuperGolden,30,Blaze,1,2,,25,0,0,,18,66,0,0,2
Palace,B.S.R-NA,27,Wolf,SuperGolden,30,Blaze,1,2,,25,0,0,,18,66,0,0,2
Palace,B.S.R-NA,27,Wolf,SuperGolden,30,Blaze,1,2,,25,0,0,,18,66,0,0,2
Palace,B.S.R-NA,27,Wolf,SuperGolden,30,Blaze,1,2,,25,0,0,,18,66,0,0,2
Palace,B.S.R-NA,27,Wolf,SuperGolden,30,Blaze,1,2,,25,0,0,,18,66,0,0,2
Palace,B.S.R-NA,27,Wolf,SuperGolden,30,Blaze,1,2,,25,0,0,,18,66,0,0,2
Palace,B.S.R-NA,27,Wolf,SuperGolden,30,Blaze,1,2,,25,0,0,,18,66,0,0,2
Palace,B.S.R-NA,27,Wolf,SuperGolden,30,Blaze,1,2,,25,0,0,,18,66,0,0,2
Palace,B.S.R-NA,27,Wolf,SuperGolden,30,Blaze,1,2,,25,0,0,,18,66,0,0,2
Palace,B.S.R-NA,27,Wolf,SuperGolden,30,Blaze,1,2,,25,0,0,,18,66,0,0,2
Palace,B.S.R-NA,27,Wolf,SuperGolden,30,Blaze,1,2,,24,0,0,,18,66,0,0,2
Palace,B.S.R-NA,27,Wolf,SuperGolden,30,Blaze,1,2,,24,0,0,,18,66,0,0,2
Palace,B.S.R-NA,27,Wolf,SuperGolden,30,Blaze,1,2,,24,0,0,,17,66,0,0,2
Palace,B.S.R-NA,27,Wolf,SuperGolden,30,Blaze,1,2,,24,0,0,,14,66,0,0,2
Palace,B.S.R-NA,27,Wolf,SuperGolden,30,Blaze,1,2,,24,0,0,,14,66,0,0,2
Palace,B.S.R-NA,27,Wolf,SuperGolden,30,Blaze,1,2,,24,0,0,,16,66,0,0,2
Palace,B.S.R-NA,27,Wolf,SuperGolden,30,Blaze,1,2,,24,0,0,,17,66,0,0,2
Palace,B.S.R-NA,27,Wolf,SuperGolden,30,Blaze,1,2,,24,0,0,,18,66,0,0,2
Palace,B.S.R-NA,27,Wolf,SuperGolden,30,Blaze,1,2,,23,0,0,,18,65,0,0,2
Palace,B.S.R-NA,27,Wolf,SuperGolden,30,Blaze,1,2,,23,0,0,,18,65,0,0,2
Palace,B.S.R-NA,27,Wolf,SuperGolden,30,Blaze,1,2,,23,0,0,,18,64,0,0,2
Palace,B.S.R-NA,27,Wolf,SuperGolden,30,Blaze,1,2,,23,0,0,,18,63,0,0,2
Palace,B.S.R-NA,27,Wolf,SuperGolden,30,Blaze,1,2,,23,0,0,,18,62,0,0,2
Palace,B.S.R-NA,27,Wolf,SuperGolden,30,Blaze,1,2,,22,0,0,,18,62,0,0,2
Palace,B.S.R-NA,27,Wolf,SuperGolden,30,Blaze,1,2,,22,0,0,,18,62,0,0,2
Palace,B.S.R-NA,27,Wolf,SuperGolden,30,Blaze,1,2,,22,0,0,,18,62,0,0,2
Palace,B.S.R-NA,27,Wolf,SuperGolden,30,Blaze,1,2,,22,0,0,,18,64,0,0,2
Palace,B.S.R-NA,27,Wolf,SuperGolden,30,Blaze,1,2,,22,0,0,,18,64,0,0,2
Palace,B.S.R-NA,27,Wolf,SuperGolden,30,Blaze,1,2,,22,0,0,,18,65,0,0,2
Palace,B.S.R-NA,27,Wolf,SuperGolden,30,Blaze,1,2,,22,0,0,,18,66,0,0,2
Palace,B.S.R-NA,27,Wolf,SuperGolden,30,Blaze,1,2,,21,0,0,,18,66,0,0,2
Palace,B.S.R-NA,27,Wolf,SuperGolden,30,Blaze,1,2,,21,0,0,,9,66,0,0,2
Palace,B.S.R-NA,27,Wolf,SuperGolden,30,Blaze,1,2,,21,0,0,,9,66,0,0,2
Palace,B.S.R-NA,27,Wolf,SuperGolden,30,Blaze,1,2,,21,0,0,,9,66,0,0,2
Palace,B.S.R-NA,27,Wolf,SuperGolden,30,Blaze,1,2,,21,0,0,,9,66,0,0,2
Palace,B.S.R-NA,27,Wolf,SuperGolden,30,Blaze,1,2,,21,0,0,,9,66,0,0,2
Palace,B.S.R-NA,27,Wolf,SuperGolden,30,Blaze,1,2,,20,0,0,,9,66,0,0,2
Palace,B.S.R-NA,27,Wolf,SuperGolden,30,Blaze,1,2,,20,0,0,,9,66,0,0,2
Palace,B.S.R-NA,27,Wolf,SuperGolden,30,Blaze,1,2,,20,0,0,,9,66,0,0,2
Palace,B.S.R-NA,27,Wolf,SuperGolden,30,Blaze,1,2,,20,0,0,,9,66,0,0,2
Palace,B.S.R-NA,27,Wolf,SuperGolden,30,Blaze,1,2,,20,0,0,,9,61,0,0,2
Palace,B.S.R-NA,27,Wolf,SuperGolden,30,Blaze,1,2,,20,0,0,,9,61,0,0,2
Palace,B.S.R-NA,27,Wolf,SuperGolden,30,Blaze,1,2,,20,0,0,,9,58,0,0,2
Palace,B.S.R-NA,27,Wolf,SuperGolden,30,Blaze,1,2,,20,0,0,,8,55,0,0,2
Palace,B.S.R-NA,27,Wolf,SuperGolden,30,Blaze,1,2,,19,0,0,,8,54,0,0,2
Palace,B.S.R-NA,27,Wolf,SuperGolden,30,Blaze,1,2,,19,0,0,,8,54,0,0,2
Palace,B.S.R-NA,27,Wolf,SuperGolden,30,Blaze,1,2,,19,0,0,,8,54,0,0,2
Palace,B.S.R-NA,27,Wolf,SuperGolden,30,Blaze,1,2,,19,0,0,,8,54,0,0,2
Palace,B.S.R-NA,27,Wolf,SuperGolden,30,Blaze,1,2,,19,0,0,,8,54,0,0,2
Palace,B.S.R-NA,27,Wolf,SuperGolden,30,Blaze,1,2,,19,0,0,,8,54,0,0,2
Palace,B.S.R-NA,27,Wolf,SuperGolden,30,Blaze,1,2,,19,0,0,,8,54,0,0,2
Palace,B.S.R-NA,27,Wolf,SuperGolden,30,Blaze,1,2,,19,0,0,,7,54,0,0,2
Palace,B.S.R-NA,27,Wolf,SuperGolden,30,Blaze,1,2,,19,0,0,,8,54,0,0,2
Palace,B.S.R-NA,27,Wolf,SuperGolden,30,Blaze,1,2,,19,0,0,,8,54,0,0,2
Palace,B.S.R-NA,27,Wolf,SuperGolden,30,Blaze,1,2,,19,0,0,,8,54,0,0,2
Palace,B.S.R-NA,27,Wolf,SuperGolden,30,Blaze,1,2,,19,0,0,,8,54,0,0,2
Palace,B.S.R-NA,27,Wolf,SuperGolden,30,Blaze,1,2,,19,0,0,,8,54,0,0,2
Palace,B.S.R-NA,27,Wolf,SuperGolden,30,Blaze,1,2,,19,0,0,,9,54,0,0,2
Palace,B.S.R-NA,27,Wolf,SuperGolden,30,Blaze,1,2,,19,0,0,,9,54,0,0,2
Palace,B.S.R-NA,27,Wolf,SuperGolden,30,Blaze,1,2,,19,0,0,,9,54,0,0,2
Palace,B.S.R-NA,27,Wolf,SuperGolden,30,Blaze,1,2,,19,0,0,,9,53,0,0,2
Palace,B.S.R-NA,27,Wolf,SuperGolden,30,Blaze,1,2,,18,0,0,,9,53,0,0,2
Palace,B.S.R-NA,27,Wolf,SuperGolden,30,Blaze,1,2,,18,0,0,,9,53,0,0,2
Palace,B.S.R-NA,27,Wolf,SuperGolden,30,Blaze,1,2,,18,0,0,,9,53,0,0,2
Palace,B.S.R-NA,27,Wolf,SuperGolden,30,Blaze,1,2,,18,0,0,,9,53,0,0,2
Palace,B.S.R-NA,27,Wolf,SuperGolden,30,Blaze,1,2,,18,0,0,,9,51,0,0,2
Palace,B.S.R-NA,27,Wolf,SuperGolden,30,Blaze,1,2,,18,0,0,,9,51,0,0,2
Palace,B.S.R-NA,27,Wolf,SuperGolden,30,Blaze,1,2,KO,18.00,,,,9,51,0,1,2
Palace,B.S.R-NA,27,Wolf,SuperGolden,30,Blaze,2,2,,45,0,0,,100,100,0,1,2
Palace,B.S.R-NA,27,Wolf,SuperGolden,30,Blaze,2,2,,44,0,0,,100,100,0,1,2
Palace,B.S.R-NA,27,Wolf,SuperGolden,30,Blaze,2,2,,44,0,0,,100,95,0,1,2
Palace,B.S.R-NA,27,Wolf,SuperGolden,30,Blaze,2,2,,44,0,0,,100,95,0,1,2
Palace,B.S.R-NA,27,Wolf,SuperGolden,30,Blaze,2,2,,44,0,0,,100,95,0,1,2
Palace,B.S.R-NA,27,Wolf,SuperGolden,30,Blaze,2,2,,44,0,0,,100,95,0,1,2
Palace,B.S.R-NA,27,Wolf,SuperGolden,30,Blaze,2,2,,43,0,0,,100,95,0,1,2
Palace,B.S.R-NA,27,Wolf,SuperGolden,30,Blaze,2,2,,43,0,0,,91,95,0,1,2
Palace,B.S.R-NA,27,Wolf,SuperGolden,30,Blaze,2,2,,43,0,0,,91,95,0,1,2
Palace,B.S.R-NA,27,Wolf,SuperGolden,30,Blaze,2,2,,43,0,0,,91,95,0,1,2
Palace,B.S.R-NA,27,Wolf,SuperGolden,30,Blaze,2,2,,42,0,0,,84,95,0,1,2
Palace,B.S.R-NA,27,Wolf,SuperGolden,30,Blaze,2,2,,42,0,0,,84,95,0,1,2
Palace,B.S.R-NA,27,Wolf,SuperGolden,30,Blaze,2,2,,42,0,0,,83,95,0,1,2
Palace,B.S.R-NA,27,Wolf,SuperGolden,30,Blaze,2,2,,42,0,0,,83,95,0,1,2
Palace,B.S.R-NA,27,Wolf,SuperGolden,30,Blaze,2,2,,42,0,0,,83,95,0,1,2
Palace,B.S.R-NA,27,Wolf,SuperGolden,30,Blaze,2,2,,42,0,0,,83,95,0,1,2
Palace,B.S.R-NA,27,Wolf,SuperGolden,30,Blaze,2,2,,42,0,0,,83,95,0,1,2
Palace,B.S.R-NA,27,Wolf,SuperGolden,30,Blaze,2,2,,41,0,0,,82,95,0,1,2
Palace,B.S.R-NA,27,Wolf,SuperGolden,30,Blaze,2,2,,41,0,0,,82,95,0,1,2
Palace,B.S.R-NA,27,Wolf,SuperGolden,30,Blaze,2,2,,41,0,0,,82,95,0,1,2
Palace,B.S.R-NA,27,Wolf,SuperGolden,30,Blaze,2,2,,41,0,0,,82,95,0,1,2
Palace,B.S.R-NA,27,Wolf,SuperGolden,30,Blaze,2,2,,41,0,0,,81,95,0,1,2
Palace,B.S.R-NA,27,Wolf,SuperGolden,30,Blaze,2,2,,41,0,0,,71,95,0,1,2
Palace,B.S.R-NA,27,Wolf,SuperGolden,30,Blaze,2,2,,40,0,0,,71,95,0,1,2
Palace,B.S.R-NA,27,Wolf,SuperGolden,30,Blaze,2,2,,40,0,0,,62,95,0,1,2
Palace,B.S.R-NA,27,Wolf,SuperGolden,30,Blaze,2,2,,40,0,0,,62,95,0,1,2
Palace,B.S.R-NA,27,Wolf,SuperGolden,30,Blaze,2,2,,40,0,0,,62,95,0,1,2
Palace,B.S.R-NA,27,Wolf,SuperGolden,30,Blaze,2,2,,40,0,0,,62,95,0,1,2
Palace,B.S.R-NA,27,Wolf,SuperGolden,30,Blaze,2,2,,40,0,0,,62,95,0,1,2
Palace,B.S.R-NA,27,Wolf,SuperGolden,30,Blaze,2,2,,39,0,0,,57,95,0,1,2
Palace,B.S.R-NA,27,Wolf,SuperGolden,30,Blaze,2,2,,39,0,0,,55,95,0,1,2
Palace,B.S.R-NA,27,Wolf,SuperGolden,30,Blaze,2,2,,39,0,0,,55,95,0,1,2
Palace,B.S.R-NA,27,Wolf,SuperGolden,30,Blaze,2,2,,39,0,0,,52,95,0,1,2
Palace,B.S.R-NA,27,Wolf,SuperGolden,30,Blaze,2,2,,39,0,0,,52,95,0,1,2
Palace,B.S.R-NA,27,Wolf,SuperGolden,30,Blaze,2,2,,39,0,0,,52,95,0,1,2
Palace,B.S.R-NA,27,Wolf,SuperGolden,30,Blaze,2,2,,39,0,0,,52,95,0,1,2
Palace,B.S.R-NA,27,Wolf,SuperGolden,30,Blaze,2,2,,39,0,0,,51,95,0,1,2
Palace,B.S.R-NA,27,Wolf,SuperGolden,30,Blaze,2,2,,39,0,0,,49,95,0,1,2
Palace,B.S.R-NA,27,Wolf,SuperGolden,30,Blaze,2,2,,39,0,0,,49,95,0,1,2
Palace,B.S.R-NA,27,Wolf,SuperGolden,30,Blaze,2,2,,38,0,0,,49,95,0,1,2
Palace,B.S.R-NA,27,Wolf,SuperGolden,30,Blaze,2,2,,38,0,0,,49,95,0,1,2
Palace,B.S.R-NA,27,Wolf,SuperGolden,30,Blaze,2,2,,38,0,0,,49,95,0,1,2
Palace,B.S.R-NA,27,Wolf,SuperGolden,30,Blaze,2,2,,38,0,0,,48,95,0,1,2
Palace,B.S.R-NA,27,Wolf,SuperGolden,30,Blaze,2,2,,38,0,0,,48,95,0,1,2
Palace,B.S.R-NA,27,Wolf,SuperGolden,30,Blaze,2,2,,38,0,0,,47,95,0,1,2
Palace,B.S.R-NA,27,Wolf,SuperGolden,30,Blaze,2,2,,37,0,0,,38,95,0,1,2
Palace,B.S.R-NA,27,Wolf,SuperGolden,30,Blaze,2,2,,37,0,0,,35,95,0,1,2
Palace,B.S.R-NA,27,Wolf,SuperGolden,30,Blaze,2,2,,37,0,0,,35,95,0,1,2
Palace,B.S.R-NA,27,Wolf,SuperGolden,30,Blaze,2,2,,37,0,0,,35,95,0,1,2
Palace,B.S.R-NA,27,Wolf,SuperGolden,30,Blaze,2,2,,37,0,0,,35,95,0,1,2
Palace,B.S.R-NA,27,Wolf,SuperGolden,30,Blaze,2,2,,37,0,0,,22,95,0,1,2
Palace,B.S.R-NA,27,Wolf,SuperGolden,30,Blaze,2,2,,36,0,0,,22,95,0,1,2
Palace,B.S.R-NA,27,Wolf,SuperGolden,30,Blaze,2,2,,36,0,0,,22,95,0,1,2
Palace,B.S.R-NA,27,Wolf,SuperGolden,30,Blaze,2,2,,36,0,0,,16,95,0,1,2
Palace,B.S.R-NA,27,Wolf,SuperGolden,30,Blaze,2,2,,36,0,0,,16,95,0,1,2
Palace,B.S.R-NA,27,Wolf,SuperGolden,30,Blaze,2,2,,36,0,0,,16,95,0,1,2
Palace,B.S.R-NA,27,Wolf,SuperGolden,30,Blaze,2,2,,36,0,0,,16,95,0,1,2
Palace,B.S.R-NA,27,Wolf,SuperGolden,30,Blaze,2,2,,36,0,0,,16,95,0,1,2
Palace,B.S.R-NA,27,Wolf,SuperGolden,30,Blaze,2,2,,36,0,0,,16,95,0,1,2
Palace,B.S.R-NA,27,Wolf,SuperGolden,30,Blaze,2,2,,36,0,0,,13,95,0,1,2
Palace,B.S.R-NA,27,Wolf,SuperGolden,30,Blaze,2,2,,36,0,0,,13,95,0,1,2
Palace,B.S.R-NA,27,Wolf,SuperGolden,30,Blaze,2,2,,35,0,0,,13,95,0,1,2
Palace,B.S.R-NA,27,Wolf,SuperGolden,30,Blaze,2,2,,35,0,0,,13,95,0,1,2
Palace,B.S.R-NA,27,Wolf,SuperGolden,30,Blaze,2,2,,35,0,0,,13,95,0,1,2
Palace,B.S.R-NA,27,Wolf,SuperGolden,30,Blaze,2,2,,35,0,0,,8,95,0,1,2
Palace,B.S.R-NA,27,Wolf,SuperGolden,30,Blaze,2,2,,35,0,0,,8,95,0,1,2
Palace,B.S.R-NA,27,Wolf,SuperGolden,30,Blaze,2,2,,35,0,0,,8,95,0,1,2
Palace,B.S.R-NA,27,Wolf,SuperGolden,30,Blaze,2,2,,34,0,0,,8,95,0,1,2
Palace,B.S.R-NA,27,Wolf,SuperGolden,30,Blaze,2,2,,34,0,0,,8,95,0,1,2
Palace,B.S.R-NA,27,Wolf,SuperGolden,30,Blaze,2,2,,34,0,0,,8,95,0,1,2
Palace,B.S.R-NA,27,Wolf,SuperGolden,30,Blaze,2,2,,34,0,0,,7,95,0,1,2
Palace,B.S.R-NA,27,Wolf,SuperGolden,30,Blaze,2,2,KO,34.00,,,,7,95,0,2,2
Palace,B.S.R-NA,27,Wolf,SuperGolden,30,Blaze,3,1,,45,0,0,,100,100,0,2,2
Palace,B.S.R-NA,27,Wolf,SuperGolden,30,Blaze,3,1,,44,0,0,,100,100,0,2,2
Palace,B.S.R-NA,27,Wolf,SuperGolden,30,Blaze,3,1,,44,0,0,,100,100,0,2,2
Palace,B.S.R-NA,27,Wolf,SuperGolden,30,Blaze,3,1,,44,0,0,,100,76,0,2,2
Palace,B.S.R-NA,27,Wolf,SuperGolden,30,Blaze,3,1,,44,0,0,,100,73,0,2,2
Palace,B.S.R-NA,27,Wolf,SuperGolden,30,Blaze,3,1,,44,0,0,,100,74,0,2,2
Palace,B.S.R-NA,27,Wolf,SuperGolden,30,Blaze,3,1,,43,0,0,,100,75,0,2,2
Palace,B.S.R-NA,27,Wolf,SuperGolden,30,Blaze,3,1,,43,0,0,,100,76,0,2,2
Palace,B.S.R-NA,27,Wolf,SuperGolden,30,Blaze,3,1,,43,0,0,,100,76,0,2,2
Palace,B.S.R-NA,27,Wolf,SuperGolden,30,Blaze,3,1,,43,0,0,,100,71,0,2,2
Palace,B.S.R-NA,27,Wolf,SuperGolden,30,Blaze,3,1,,43,0,0,,100,67,0,2,2
Palace,B.S.R-NA,27,Wolf,SuperGolden,30,Blaze,3,1,,42,0,0,,100,67,0,2,2
Palace,B.S.R-NA,27,Wolf,SuperGolden,30,Blaze,3,1,,42,0,0,,100,67,0,2,2
Palace,B.S.R-NA,27,Wolf,SuperGolden,30,Blaze,3,1,,42,0,0,,100,67,0,2,2
Palace,B.S.R-NA,27,Wolf,SuperGolden,30,Blaze,3,1,,42,0,0,,100,67,0,2,2
Palace,B.S.R-NA,27,Wolf,SuperGolden,30,Blaze,3,1,,42,0,0,,100,67,0,2,2
Palace,B.S.R-NA,27,Wolf,SuperGolden,30,Blaze,3,1,,42,0,0,,100,67,0,2,2
Palace,B.S.R-NA,27,Wolf,SuperGolden,30,Blaze,3,1,,41,0,0,,100,65,0,2,2
Palace,B.S.R-NA,27,Wolf,SuperGolden,30,Blaze,3,1,,41,0,0,,100,61,0,2,2
Palace,B.S.R-NA,27,Wolf,SuperGolden,30,Blaze,3,1,,41,0,0,,100,61,0,2,2
Palace,B.S.R-NA,27,Wolf,SuperGolden,30,Blaze,3,1,,41,0,0,,100,61,0,2,2
Palace,B.S.R-NA,27,Wolf,SuperGolden,30,Blaze,3,1,,41,0,0,,100,61,0,2,2
Palace,B.S.R-NA,27,Wolf,SuperGolden,30,Blaze,3,1,,41,0,0,,100,61,0,2,2
Palace,B.S.R-NA,27,Wolf,SuperGolden,30,Blaze,3,1,,41,0,0,,100,61,0,2,2
Palace,B.S.R-NA,27,Wolf,SuperGolden,30,Blaze,3,1,,41,0,0,,100,61,0,2,2
Palace,B.S.R-NA,27,Wolf,SuperGolden,30,Blaze,3,1,,41,0,0,,100,61,0,2,2
Palace,B.S.R-NA,27,Wolf,SuperGolden,30,Blaze,3,1,,41,0,0,,100,61,0,2,2
Palace,B.S.R-NA,27,Wolf,SuperGolden,30,Blaze,3,1,,40,0,0,,100,60,0,2,2
Palace,B.S.R-NA,27,Wolf,SuperGolden,30,Blaze,3,1,,40,0,0,,100,60,0,2,2
Palace,B.S.R-NA,27,Wolf,SuperGolden,30,Blaze,3,1,,40,0,0,,100,59,0,2,2
Palace,B.S.R-NA,27,Wolf,SuperGolden,30,Blaze,3,1,,40,0,0,,100,59,0,2,2
Palace,B.S.R-NA,27,Wolf,SuperGolden,30,Blaze,3,1,,40,0,0,,100,50,0,2,2
Palace,B.S.R-NA,27,Wolf,SuperGolden,30,Blaze,3,1,,40,0,0,,100,46,0,2,2
Palace,B.S.R-NA,27,Wolf,SuperGolden,30,Blaze,3,1,,39,0,0,,100,47,0,2,2
Palace,B.S.R-NA,27,Wolf,SuperGolden,30,Blaze,3,1,,39,0,0,,100,48,0,2,2
Palace,B.S.R-NA,27,Wolf,SuperGolden,30,Blaze,3,1,,39,0,0,,100,40,0,2,2
Palace,B.S.R-NA,27,Wolf,SuperGolden,30,Blaze,3,1,,39,0,0,,100,38,0,2,2
Palace,B.S.R-NA,27,Wolf,SuperGolden,30,Blaze,3,1,,39,0,0,,100,38,0,2,2
Palace,B.S.R-NA,27,Wolf,SuperGolden,30,Blaze,3,1,,38,0,0,,100,38,0,2,2
Palace,B.S.R-NA,27,Wolf,SuperGolden,30,Blaze,3,1,,38,0,0,,100,38,0,2,2
Palace,B.S.R-NA,27,Wolf,SuperGolden,30,Blaze,3,1,,38,0,0,,100,38,0,2,2
Palace,B.S.R-NA,27,Wolf,SuperGolden,30,Blaze,3,1,,38,0,0,,100,38,0,2,2
Palace,B.S.R-NA,27,Wolf,SuperGolden,30,Blaze,3,1,,38,0,0,,100,38,0,2,2
Palace,B.S.R-NA,27,Wolf,SuperGolden,30,Blaze,3,1,,38,0,0,,100,38,0,2,2
Palace,B.S.R-NA,27,Wolf,SuperGolden,30,Blaze,3,1,,37,0,0,,100,38,0,2,2
Palace,B.S.R-NA,27,Wolf,SuperGolden,30,Blaze,3,1,,37,0,0,,100,38,0,2,2
Palace,B.S.R-NA,27,Wolf,SuperGolden,30,Blaze,3,1,,37,0,0,,100,38,0,2,2
Palace,B.S.R-NA,27,Wolf,SuperGolden,30,Blaze,3,1,,37,0,0,,100,38,0,2,2
Palace,B.S.R-NA,27,Wolf,SuperGolden,30,Blaze,3,1,,37,0,0,,100,38,0,2,2
Palace,B.S.R-NA,27,Wolf,SuperGolden,30,Blaze,3,1,,37,0,0,,100,38,0,2,2
Palace,B.S.R-NA,27,Wolf,SuperGolden,30,Blaze,3,1,,36,0,0,,100,38,0,2,2
Palace,B.S.R-NA,27,Wolf,SuperGolden,30,Blaze,3,1,,36,0,0,,100,38,0,2,2
Palace,B.S.R-NA,27,Wolf,SuperGolden,30,Blaze,3,1,,36,0,0,,100,38,0,2,2
Palace,B.S.R-NA,27,Wolf,SuperGolden,30,Blaze,3,1,,36,0,0,,100,38,0,2,2
Palace,B.S.R-NA,27,Wolf,SuperGolden,30,Blaze,3,1,,36,0,0,,100,38,0,2,2
Palace,B.S.R-NA,27,Wolf,SuperGolden,30,Blaze,3,1,,36,0,0,,100,38,0,2,2
Palace,B.S.R-NA,27,Wolf,SuperGolden,30,Blaze,3,1,,36,0,0,,100,37,0,2,2
Palace,B.S.R-NA,27,Wolf,SuperGolden,30,Blaze,3,1,,36,0,0,,100,36,0,2,2
Palace,B.S.R-NA,27,Wolf,SuperGolden,30,Blaze,3,1,,36,0,0,,100,36,0,2,2
Palace,B.S.R-NA,27,Wolf,SuperGolden,30,Blaze,3,1,,36,0,0,,100,36,0,2,2
Palace,B.S.R-NA,27,Wolf,SuperGolden,30,Blaze,3,1,,36,0,0,,100,34,0,2,2
Palace,B.S.R-NA,27,Wolf,SuperGolden,30,Blaze,3,1,,35,0,0,,100,32,0,2,2
Palace,B.S.R-NA,27,Wolf,SuperGolden,30,Blaze,3,1,,35,0,0,,100,34,0,2,2
Palace,B.S.R-NA,27,Wolf,SuperGolden,30,Blaze,3,1,,35,0,0,,100,36,0,2,2
Palace,B.S.R-NA,27,Wolf,SuperGolden,30,Blaze,3,1,,35,0,0,,100,6,0,2,2
Palace,B.S.R-NA,27,Wolf,SuperGolden,30,Blaze,3,1,,34,0,0,,100,4,0,2,2
Palace,B.S.R-NA,27,Wolf,SuperGolden,30,Blaze,3,1,,34,0,0,,100,4,0,2,2
Palace,B.S.R-NA,27,Wolf,SuperGolden,30,Blaze,3,1,,34,0,0,,100,4,0,2,2
Palace,B.S.R-NA,27,Wolf,SuperGolden,30,Blaze,3,1,,34,0,0,,100,4,0,2,2
Palace,B.S.R-NA,27,Wolf,SuperGolden,30,Blaze,3,1,,34,0,0,,100,4,0,2,2
Palace,B.S.R-NA,27,Wolf,SuperGolden,30,Blaze,3,1,,34,0,0,,100,4,0,2,2
Palace,B.S.R-NA,27,Wolf,SuperGolden,30,Blaze,3,1,,34,0,0,,100,4,0,2,2
Palace,B.S.R-NA,27,Wolf,SuperGolden,30,Blaze,3,1,,34,0,0,,100,4,0,2,2
Palace,B.S.R-NA,27,Wolf,SuperGolden,30,Blaze,3,1,,33,0,0,,100,4,0,2,2
Palace,B.S.R-NA,27,Wolf,SuperGolden,30,Blaze,3,1,,33,0,0,,100,4,0,2,2
Palace,B.S.R-NA,27,Wolf,SuperGolden,30,Blaze,3,1,,33,0,0,,100,4,0,2,2
Palace,B.S.R-NA,27,Wolf,SuperGolden,30,Blaze,3,1,,33,0,0,,100,4,0,2,2
Palace,B.S.R-NA,27,Wolf,SuperGolden,30,Blaze,3,1,,33,0,0,,100,4,0,2,2
Palace,B.S.R-NA,27,Wolf,SuperGolden,30,Blaze,3,1,,33,0,0,,100,4,0,2,2
Palace,B.S.R-NA,27,Wolf,SuperGolden,30,Blaze,3,1,,33,0,0,,90,4,0,2,2
Palace,B.S.R-NA,27,Wolf,SuperGolden,30,Blaze,3,1,,33,0,0,,91,4,0,2,2
Palace,B.S.R-NA,27,Wolf,SuperGolden,30,Blaze,3,1,,33,0,0,,91,4,0,2,2
Palace,B.S.R-NA,27,Wolf,SuperGolden,30,Blaze,3,1,,32,0,0,,91,4,0,2,2
Palace,B.S.R-NA,27,Wolf,SuperGolden,30,Blaze,3,1,,32,0,0,,91,4,0,2,2
Palace,B.S.R-NA,27,Wolf,SuperGolden,30,Blaze,3,1,,32,0,0,,91,4,0,2,2
Palace,B.S.R-NA,27,Wolf,SuperGolden,30,Blaze,3,1,,32,0,0,,91,4,0,2,2
Palace,B.S.R-NA,27,Wolf,SuperGolden,30,Blaze,3,1,,32,0,0,,91,4,0,2,2
Palace,B.S.R-NA,27,Wolf,SuperGolden,30,Blaze,3,1,,32,0,0,,90,4,0,2,2
Palace,B.S.R-NA,27,Wolf,SuperGolden,30,Blaze,3,1,,32,0,0,,84,4,0,2,2
Palace,B.S.R-NA,27,Wolf,SuperGolden,30,Blaze,3,1,,31,0,0,,77,4,0,2,2
Palace,B.S.R-NA,27,Wolf,SuperGolden,30,Blaze,3,1,,31,0,0,,72,4,0,2,2
Palace,B.S.R-NA,27,Wolf,SuperGolden,30,Blaze,3,1,,31,0,0,,72,4,0,2,2
Palace,B.S.R-NA,27,Wolf,SuperGolden,30,Blaze,3,1,,31,0,0,,76,4,0,2,2
Palace,B.S.R-NA,27,Wolf,SuperGolden,30,Blaze,3,1,,31,0,0,,72,4,0,2,2
Palace,B.S.R-NA,27,Wolf,SuperGolden,30,Blaze,3,1,,31,0,0,,72,4,0,2,2
Palace,B.S.R-NA,27,Wolf,SuperGolden,30,Blaze,3,1,,31,0,0,,72,4,0,2,2
Palace,B.S.R-NA,27,Wolf,SuperGolden,30,Blaze,3,1,,31,0,0,,72,4,0,2,2
Palace,B.S.R-NA,27,Wolf,SuperGolden,30,Blaze,3,1,,31,0,0,,71,4,0,2,2
Palace,B.S.R-NA,27,Wolf,SuperGolden,30,Blaze,3,1,,31,0,0,,72,4,0,2,2
Palace,B.S.R-NA,27,Wolf,SuperGolden,30,Blaze,3,1,,31,0,0,,72,4,0,2,2
Palace,B.S.R-NA,27,Wolf,SuperGolden,30,Blaze,3,1,,30,0,0,,71,4,0,2,2
Palace,B.S.R-NA,27,Wolf,SuperGolden,30,Blaze,3,1,,30,0,0,,71,4,0,2,2
Palace,B.S.R-NA,27,Wolf,SuperGolden,30,Blaze,3,1,KO,30.00,,,,71,4,1,2,2
Palace,B.S.R-NA,27,Wolf,SuperGolden,30,Blaze,4,2,,45,0,0,,100,100,1,2,2
Palace,B.S.R-NA,27,Wolf,SuperGolden,30,Blaze,4,2,,44,0,0,,100,100,1,2,2
Palace,B.S.R-NA,27,Wolf,SuperGolden,30,Blaze,4,2,,44,0,0,,100,86,1,2,2
Palace,B.S.R-NA,27,Wolf,SuperGolden,30,Blaze,4,2,,44,0,0,,100,85,1,2,2
Palace,B.S.R-NA,27,Wolf,SuperGolden,30,Blaze,4,2,,44,0,0,,100,80,1,2,2
Palace,B.S.R-NA,27,Wolf,SuperGolden,30,Blaze,4,2,,44,0,0,,100,80,1,2,2
Palace,B.S.R-NA,27,Wolf,SuperGolden,30,Blaze,4,2,,43,0,0,,100,80,1,2,2
Palace,B.S.R-NA,27,Wolf,SuperGolden,30,Blaze,4,2,,43,0,0,,100,80,1,2,2
Palace,B.S.R-NA,27,Wolf,SuperGolden,30,Blaze,4,2,,43,0,0,,100,80,1,2,2
Palace,B.S.R-NA,27,Wolf,SuperGolden,30,Blaze,4,2,,43,0,0,,100,80,1,2,2
Palace,B.S.R-NA,27,Wolf,SuperGolden,30,Blaze,4,2,,43,0,0,,100,80,1,2,2
Palace,B.S.R-NA,27,Wolf,SuperGolden,30,Blaze,4,2,,43,0,0,,100,80,1,2,2
Palace,B.S.R-NA,27,Wolf,SuperGolden,30,Blaze,4,2,,43,0,0,,100,80,1,2,2
Palace,B.S.R-NA,27,Wolf,SuperGolden,30,Blaze,4,2,,42,0,0,,100,80,1,2,2
Palace,B.S.R-NA,27,Wolf,SuperGolden,30,Blaze,4,2,,42,0,0,,100,80,1,2,2
Palace,B.S.R-NA,27,Wolf,SuperGolden,30,Blaze,4,2,,42,0,0,,100,79,1,2,2
Palace,B.S.R-NA,27,Wolf,SuperGolden,30,Blaze,4,2,,42,0,0,,100,74,1,2,2
Palace,B.S.R-NA,27,Wolf,SuperGolden,30,Blaze,4,2,,42,0,0,,100,74,1,2,2
Palace,B.S.R-NA,27,Wolf,SuperGolden,30,Blaze,4,2,,42,0,0,,100,73,1,2,2
Palace,B.S.R-NA,27,Wolf,SuperGolden,30,Blaze,4,2,,41,0,0,,100,73,1,2,2
Palace,B.S.R-NA,27,Wolf,SuperGolden,30,Blaze,4,2,,41,0,0,,100,73,1,2,2
Palace,B.S.R-NA,27,Wolf,SuperGolden,30,Blaze,4,2,,41,0,0,,100,72,1,2,2
Palace,B.S.R-NA,27,Wolf,SuperGolden,30,Blaze,4,2,,41,0,0,,100,72,1,2,2
Palace,B.S.R-NA,27,Wolf,SuperGolden,30,Blaze,4,2,,41,0,0,,100,72,1,2,2
Palace,B.S.R-NA,27,Wolf,SuperGolden,30,Blaze,4,2,,41,0,0,,100,71,1,2,2
Palace,B.S.R-NA,27,Wolf,SuperGolden,30,Blaze,4,2,,41,0,0,,100,71,1,2,2
Palace,B.S.R-NA,27,Wolf,SuperGolden,30,Blaze,4,2,,40,0,0,,100,71,1,2,2
Palace,B.S.R-NA,27,Wolf,SuperGolden,30,Blaze,4,2,,40,0,0,,100,71,1,2,2
Palace,B.S.R-NA,27,Wolf,SuperGolden,30,Blaze,4,2,,40,0,0,,100,73,1,2,2
Palace,B.S.R-NA,27,Wolf,SuperGolden,30,Blaze,4,2,,40,0,0,,100,74,1,2,2
Palace,B.S.R-NA,27,Wolf,SuperGolden,30,Blaze,4,2,,40,0,0,,100,74,1,2,2
Palace,B.S.R-NA,27,Wolf,SuperGolden,30,Blaze,4,2,,39,0,0,,100,74,1,2,2
Palace,B.S.R-NA,27,Wolf,SuperGolden,30,Blaze,4,2,,39,0,0,,100,74,1,2,2
Palace,B.S.R-NA,27,Wolf,SuperGolden,30,Blaze,4,2,,39,0,0,,100,74,1,2,2
Palace,B.S.R-NA,27,Wolf,SuperGolden,30,Blaze,4,2,,39,0,0,,100,72,1,2,2
Palace,B.S.R-NA,27,Wolf,SuperGolden,30,Blaze,4,2,,39,0,0,,100,69,1,2,2
Palace,B.S.R-NA,27,Wolf,SuperGolden,30,Blaze,4,2,,38,0,0,,100,69,1,2,2
Palace,B.S.R-NA,27,Wolf,SuperGolden,30,Blaze,4,2,,38,0,0,,95,69,1,2,2
Palace,B.S.R-NA,27,Wolf,SuperGolden,30,Blaze,4,2,,38,0,0,,95,69,1,2,2
Palace,B.S.R-NA,27,Wolf,SuperGolden,30,Blaze,4,2,,38,0,0,,95,69,1,2,2
Palace,B.S.R-NA,27,Wolf,SuperGolden,30,Blaze,4,2,,38,0,0,,81,69,1,2,2
Palace,B.S.R-NA,27,Wolf,SuperGolden,30,Blaze,4,2,,38,0,0,,94,69,1,2,2
Palace,B.S.R-NA,27,Wolf,SuperGolden,30,Blaze,4,2,,37,0,0,,81,69,1,2,2
Palace,B.S.R-NA,27,Wolf,SuperGolden,30,Blaze,4,2,,37,0,0,,81,69,1,2,2
Palace,B.S.R-NA,27,Wolf,SuperGolden,30,Blaze,4,2,,37,0,0,,81,69,1,2,2
Palace,B.S.R-NA,27,Wolf,SuperGolden,30,Blaze,4,2,,37,0,0,,81,69,1,2,2
Palace,B.S.R-NA,27,Wolf,SuperGolden,30,Blaze,4,2,,37,0,0,,81,68,1,2,2
Palace,B.S.R-NA,27,Wolf,SuperGolden,30,Blaze,4,2,,37,0,0,,81,68,1,2,2
Palace,B.S.R-NA,27,Wolf,SuperGolden,30,Blaze,4,2,,36,0,0,,81,68,1,2,2
Palace,B.S.R-NA,27,Wolf,SuperGolden,30,Blaze,4,2,,36,0,0,,81,67,1,2,2
Palace,B.S.R-NA,27,Wolf,SuperGolden,30,Blaze,4,2,,36,0,0,,81,67,1,2,2
Palace,B.S.R-NA,27,Wolf,SuperGolden,30,Blaze,4,2,,36,0,0,,81,67,1,2,2
Palace,B.S.R-NA,27,Wolf,SuperGolden,30,Blaze,4,2,,36,0,0,,81,67,1,2,2
Palace,B.S.R-NA,27,Wolf,SuperGolden,30,Blaze,4,2,,36,0,0,,81,67,1,2,2
Palace,B.S.R-NA,27,Wolf,SuperGolden,30,Blaze,4,2,,36,0,0,,81,67,1,2,2
Palace,B.S.R-NA,27,Wolf,SuperGolden,30,Blaze,4,2,,36,0,0,,81,67,1,2,2
Palace,B.S.R-NA,27,Wolf,SuperGolden,30,Blaze,4,2,,36,0,0,,81,67,1,2,2
Palace,B.S.R-NA,27,Wolf,SuperGolden,30,Blaze,4,2,,36,0,0,,81,67,1,2,2
Palace,B.S.R-NA,27,Wolf,SuperGolden,30,Blaze,4,2,,36,0,0,,80,66,1,2,2
Palace,B.S.R-NA,27,Wolf,SuperGolden,30,Blaze,4,2,,36,0,0,,80,65,1,2,2
Palace,B.S.R-NA,27,Wolf,SuperGolden,30,Blaze,4,2,,36,0,0,,80,66,1,2,2
Palace,B.S.R-NA,27,Wolf,SuperGolden,30,Blaze,4,2,,35,0,0,,80,67,1,2,2
Palace,B.S.R-NA,27,Wolf,SuperGolden,30,Blaze,4,2,,35,0,0,,79,68,1,2,2
Palace,B.S.R-NA,27,Wolf,SuperGolden,30,Blaze,4,2,,35,0,0,,80,69,1,2,2
Palace,B.S.R-NA,27,Wolf,SuperGolden,30,Blaze,4,2,,35,0,0,,80,69,1,2,2
Palace,B.S.R-NA,27,Wolf,SuperGolden,30,Blaze,4,2,,35,0,0,,74,69,1,2,2
Palace,B.S.R-NA,27,Wolf,SuperGolden,30,Blaze,4,2,,35,0,0,,74,69,1,2,2
Palace,B.S.R-NA,27,Wolf,SuperGolden,30,Blaze,4,2,,34,0,0,,75,69,1,2,2
Palace,B.S.R-NA,27,Wolf,SuperGolden,30,Blaze,4,2,,34,0,0,,74,69,1,2,2
Palace,B.S.R-NA,27,Wolf,SuperGolden,30,Blaze,4,2,,34,0,0,,75,69,1,2,2
Palace,B.S.R-NA,27,Wolf,SuperGolden,30,Blaze,4,2,,34,0,0,,75,69,1,2,2
Palace,B.S.R-NA,27,Wolf,SuperGolden,30,Blaze,4,2,,34,0,0,,75,69,1,2,2
Palace,B.S.R-NA,27,Wolf,SuperGolden,30,Blaze,4,2,,34,0,0,,75,64,1,2,2
Palace,B.S.R-NA,27,Wolf,SuperGolden,30,Blaze,4,2,,34,0,0,,75,64,1,2,2
Palace,B.S.R-NA,27,Wolf,SuperGolden,30,Blaze,4,2,,33,0,0,,75,55,1,2,2
Palace,B.S.R-NA,27,Wolf,SuperGolden,30,Blaze,4,2,,33,0,0,,75,52,1,2,2
Palace,B.S.R-NA,27,Wolf,SuperGolden,30,Blaze,4,2,,33,0,0,,75,48,1,2,2
Palace,B.S.R-NA,27,Wolf,SuperGolden,30,Blaze,4,2,,33,0,0,,75,48,1,2,2
Palace,B.S.R-NA,27,Wolf,SuperGolden,30,Blaze,4,2,,32,0,0,,75,48,1,2,2
Palace,B.S.R-NA,27,Wolf,SuperGolden,30,Blaze,4,2,,32,0,0,,75,45,1,2,2
Palace,B.S.R-NA,27,Wolf,SuperGolden,30,Blaze,4,2,,32,0,0,,75,37,1,2,2
Palace,B.S.R-NA,27,Wolf,SuperGolden,30,Blaze,4,2,,32,0,0,,74,34,1,2,2
Palace,B.S.R-NA,27,Wolf,SuperGolden,30,Blaze,4,2,,32,0,0,,74,34,1,2,2
Palace,B.S.R-NA,27,Wolf,SuperGolden,30,Blaze,4,2,,32,0,0,,74,34,1,2,2
Palace,B.S.R-NA,27,Wolf,SuperGolden,30,Blaze,4,2,,31,0,0,,74,37,1,2,2
Palace,B.S.R-NA,27,Wolf,SuperGolden,30,Blaze,4,2,,31,0,0,,74,39,1,2,2
Palace,B.S.R-NA,27,Wolf,SuperGolden,30,Blaze,4,2,,31,0,0,,73,39,1,2,2
Palace,B.S.R-NA,27,Wolf,SuperGolden,30,Blaze,4,2,,31,0,0,,73,39,1,2,2
Palace,B.S.R-NA,27,Wolf,SuperGolden,30,Blaze,4,2,,31,0,0,,72,39,1,2,2
Palace,B.S.R-NA,27,Wolf,SuperGolden,30,Blaze,4,2,,30,0,0,,72,39,1,2,2
Palace,B.S.R-NA,27,Wolf,SuperGolden,30,Blaze,4,2,,30,0,0,,72,39,1,2,2
Palace,B.S.R-NA,27,Wolf,SuperGolden,30,Blaze,4,2,,30,0,0,,72,39,1,2,2
Palace,B.S.R-NA,27,Wolf,SuperGolden,30,Blaze,4,2,,30,0,0,,74,39,1,2,2
Palace,B.S.R-NA,27,Wolf,SuperGolden,30,Blaze,4,2,,30,0,0,,74,39,1,2,2
Palace,B.S.R-NA,27,Wolf,SuperGolden,30,Blaze,4,2,,30,0,0,,74,39,1,2,2
Palace,B.S.R-NA,27,Wolf,SuperGolden,30,Blaze,4,2,,30,0,0,,71,39,1,2,2
Palace,B.S.R-NA,27,Wolf,SuperGolden,30,Blaze,4,2,,30,0,0,,64,39,1,2,2
Palace,B.S.R-NA,27,Wolf,SuperGolden,30,Blaze,4,2,,29,0,0,,58,39,1,2,2
Palace,B.S.R-NA,27,Wolf,SuperGolden,30,Blaze,4,2,,29,0,0,,56,39,1,2,2
Palace,B.S.R-NA,27,Wolf,SuperGolden,30,Blaze,4,2,,29,0,0,,56,39,1,2,2
Palace,B.S.R-NA,27,Wolf,SuperGolden,30,Blaze,4,2,,29,0,0,,56,39,1,2,2
Palace,B.S.R-NA,27,Wolf,SuperGolden,30,Blaze,4,2,,29,0,0,,56,39,1,2,2
Palace,B.S.R-NA,27,Wolf,SuperGolden,30,Blaze,4,2,,29,0,0,,56,39,1,2,2
Palace,B.S.R-NA,27,Wolf,SuperGolden,30,Blaze,4,2,,29,0,0,,56,39,1,2,2
Palace,B.S.R-NA,27,Wolf,SuperGolden,30,Blaze,4,2,,28,0,0,,56,39,1,2,2
Palace,B.S.R-NA,27,Wolf,SuperGolden,30,Blaze,4,2,,28,0,0,,56,39,1,2,2
Palace,B.S.R-NA,27,Wolf,SuperGolden,30,Blaze,4,2,,28,0,0,,56,39,1,2,2
Palace,B.S.R-NA,27,Wolf,SuperGolden,30,Blaze,4,2,,28,0,0,,56,39,1,2,2
Palace,B.S.R-NA,27,Wolf,SuperGolden,30,Blaze,4,2,,28,0,0,,56,39,1,2,2
Palace,B.S.R-NA,27,Wolf,SuperGolden,30,Blaze,4,2,,28,0,0,,56,39,1,2,2
Palace,B.S.R-NA,27,Wolf,SuperGolden,30,Blaze,4,2,,28,0,0,,56,39,1,2,2
Palace,B.S.R-NA,27,Wolf,SuperGolden,30,Blaze,4,2,,28,0,0,,56,39,1,2,2
Palace,B.S.R-NA,27,Wolf,SuperGolden,30,Blaze,4,2,,28,0,0,,56,39,1,2,2
Palace,B.S.R-NA,27,Wolf,SuperGolden,30,Blaze,4,2,,27,0,0,,46,39,1,2,2
Palace,B.S.R-NA,27,Wolf,SuperGolden,30,Blaze,4,2,,27,0,0,,51,39,1,2,2
Palace,B.S.R-NA,27,Wolf,SuperGolden,30,Blaze,4,2,,27,0,0,,46,37,1,2,2
Palace,B.S.R-NA,27,Wolf,SuperGolden,30,Blaze,4,2,,27,0,0,,45,35,1,2,2
Palace,B.S.R-NA,27,Wolf,SuperGolden,30,Blaze,4,2,,27,0,0,,44,35,1,2,2
Palace,B.S.R-NA,27,Wolf,SuperGolden,30,Blaze,4,2,,27,0,0,,44,35,1,2,2
Palace,B.S.R-NA,27,Wolf,SuperGolden,30,Blaze,4,2,,27,0,0,,40,34,1,2,2
Palace,B.S.R-NA,27,Wolf,SuperGolden,30,Blaze,4,2,,27,0,0,,39,35,1,2,2
Palace,B.S.R-NA,27,Wolf,SuperGolden,30,Blaze,4,2,,26,0,0,,40,37,1,2,2
Palace,B.S.R-NA,27,Wolf,SuperGolden,30,Blaze,4,2,,26,0,0,,40,39,1,2,2
Palace,B.S.R-NA,27,Wolf,SuperGolden,30,Blaze,4,2,,26,0,0,,40,39,1,2,2
Palace,B.S.R-NA,27,Wolf,SuperGolden,30,Blaze,4,2,,26,0,0,,40,39,1,2,2
Palace,B.S.R-NA,27,Wolf,SuperGolden,30,Blaze,4,2,,26,0,0,,40,39,1,2,2
Palace,B.S.R-NA,27,Wolf,SuperGolden,30,Blaze,4,2,,26,0,0,,40,39,1,2,2
Palace,B.S.R-NA,27,Wolf,SuperGolden,30,Blaze,4,2,,26,0,0,,38,39,1,2,2
Palace,B.S.R-NA,27,Wolf,SuperGolden,30,Blaze,4,2,,26,0,0,,36,39,1,2,2
Palace,B.S.R-NA,27,Wolf,SuperGolden,30,Blaze,4,2,,26,0,0,,33,39,1,2,2
Palace,B.S.R-NA,27,Wolf,SuperGolden,30,Blaze,4,2,,25,0,0,,26,39,1,2,2
Palace,B.S.R-NA,27,Wolf,SuperGolden,30,Blaze,4,2,,25,0,0,,26,39,1,2,2
Palace,B.S.R-NA,27,Wolf,SuperGolden,30,Blaze,4,2,,25,0,0,,28,39,1,2,2
Palace,B.S.R-NA,27,Wolf,SuperGolden,30,Blaze,4,2,,25,0,0,,28,39,1,2,2
Palace,B.S.R-NA,27,Wolf,SuperGolden,30,Blaze,4,2,,25,0,0,,28,39,1,2,2
Palace,B.S.R-NA,27,Wolf,SuperGolden,30,Blaze,4,2,,25,0,0,,28,39,1,2,2
Palace,B.S.R-NA,27,Wolf,SuperGolden,30,Blaze,4,2,,25,0,0,,28,39,1,2,2
Palace,B.S.R-NA,27,Wolf,SuperGolden,30,Blaze,4,2,,25,0,0,,27,39,1,2,2
Palace,B.S.R-NA,27,Wolf,SuperGolden,30,Blaze,4,2,,25,0,0,,26,39,1,2,2
Palace,B.S.R-NA,27,Wolf,SuperGolden,30,Blaze,4,2,,25,0,0,,26,39,1,2,2
Palace,B.S.R-NA,27,Wolf,SuperGolden,30,Blaze,4,2,,25,0,0,,26,39,1,2,2
Palace,B.S.R-NA,27,Wolf,SuperGolden,30,Blaze,4,2,,25,0,0,,26,39,1,2,2
Palace,B.S.R-NA,27,Wolf,SuperGolden,30,Blaze,4,2,,25,0,0,,26,39,1,2,2
Palace,B.S.R-NA,27,Wolf,SuperGolden,30,Blaze,4,2,,24,0,0,,26,39,1,2,2
Palace,B.S.R-NA,27,Wolf,SuperGolden,30,Blaze,4,2,,24,0,0,,26,39,1,2,2
Palace,B.S.R-NA,27,Wolf,SuperGolden,30,Blaze,4,2,,24,0,0,,26,39,1,2,2
Palace,B.S.R-NA,27,Wolf,SuperGolden,30,Blaze,4,2,,24,0,0,,26,39,1,2,2
Palace,B.S.R-NA,27,Wolf,SuperGolden,30,Blaze,4,2,,24,0,0,,26,39,1,2,2
Palace,B.S.R-NA,27,Wolf,SuperGolden,30,Blaze,4,2,,24,0,0,,26,39,1,2,2
Palace,B.S.R-NA,27,Wolf,SuperGolden,30,Blaze,4,2,,24,0,0,,26,39,1,2,2
Palace,B.S.R-NA,27,Wolf,SuperGolden,30,Blaze,4,2,,24,0,0,,26,39,1,2,2
Palace,B.S.R-NA,27,Wolf,SuperGolden,30,Blaze,4,2,,24,0,0,,26,39,1,2,2
Palace,B.S.R-NA,27,Wolf,SuperGolden,30,Blaze,4,2,,23,0,0,,26,27,1,2,2
Palace,B.S.R-NA,27,Wolf,SuperGolden,30,Blaze,4,2,,23,0,0,,26,23,1,2,2
Palace,B.S.R-NA,27,Wolf,SuperGolden,30,Blaze,4,2,,23,0,0,,26,23,1,2,2
Palace,B.S.R-NA,27,Wolf,SuperGolden,30,Blaze,4,2,,23,0,0,,26,20,1,2,2
Palace,B.S.R-NA,27,Wolf,SuperGolden,30,Blaze,4,2,,23,0,0,,25,16,1,2,2
Palace,B.S.R-NA,27,Wolf,SuperGolden,30,Blaze,4,2,,23,0,0,,25,16,1,2,2
Palace,B.S.R-NA,27,Wolf,SuperGolden,30,Blaze,4,2,,22,0,0,,22,15,1,2,2
Palace,B.S.R-NA,27,Wolf,SuperGolden,30,Blaze,4,2,,22,0,0,,21,17,1,2,2
Palace,B.S.R-NA,27,Wolf,SuperGolden,30,Blaze,4,2,,22,0,0,,23,19,1,2,2
Palace,B.S.R-NA,27,Wolf,SuperGolden,30,Blaze,4,2,,22,0,0,,25,20,1,2,2
Palace,B.S.R-NA,27,Wolf,SuperGolden,30,Blaze,4,2,,22,0,0,,26,20,1,2,2
Palace,B.S.R-NA,27,Wolf,SuperGolden,30,Blaze,4,2,,21,0,0,,26,20,1,2,2
Palace,B.S.R-NA,27,Wolf,SuperGolden,30,Blaze,4,2,,21,0,0,,26,20,1,2,2
Palace,B.S.R-NA,27,Wolf,SuperGolden,30,Blaze,4,2,,21,0,0,,26,20,1,2,2
Palace,B.S.R-NA,27,Wolf,SuperGolden,30,Blaze,4,2,,21,0,0,,26,20,1,2,2
Palace,B.S.R-NA,27,Wolf,SuperGolden,30,Blaze,4,2,,21,0,0,,26,20,1,2,2
Palace,B.S.R-NA,27,Wolf,SuperGolden,30,Blaze,4,2,,21,0,0,,26,20,1,2,2
Palace,B.S.R-NA,27,Wolf,SuperGolden,30,Blaze,4,2,,21,0,0,,26,20,1,2,2
Palace,B.S.R-NA,27,Wolf,SuperGolden,30,Blaze,4,2,,21,0,0,,26,20,1,2,2
Palace,B.S.R-NA,27,Wolf,SuperGolden,30,Blaze,4,2,,21,0,0,,26,20,1,2,2
Palace,B.S.R-NA,27,Wolf,SuperGolden,30,Blaze,4,2,,21,0,0,,26,20,1,2,2
Palace,B.S.R-NA,27,Wolf,SuperGolden,30,Blaze,4,2,,21,0,0,,26,20,1,2,2
Palace,B.S.R-NA,27,Wolf,SuperGolden,30,Blaze,4,2,,21,0,0,,26,20,1,2,2
Palace,B.S.R-NA,27,Wolf,SuperGolden,30,Blaze,4,2,,20,0,0,,26,20,1,2,2
Palace,B.S.R-NA,27,Wolf,SuperGolden,30,Blaze,4,2,,20,0,0,,26,20,1,2,2
Palace,B.S.R-NA,27,Wolf,SuperGolden,30,Blaze,4,2,,20,0,0,,26,20,1,2,2
Palace,B.S.R-NA,27,Wolf,SuperGolden,30,Blaze,4,2,,20,0,0,,26,20,1,2,2
Palace,B.S.R-NA,27,Wolf,SuperGolden,30,Blaze,4,2,,20,0,0,,26,20,1,2,2
Palace,B.S.R-NA,27,Wolf,SuperGolden,30,Blaze,4,2,,20,0,0,,26,20,1,2,2
Palace,B.S.R-NA,27,Wolf,SuperGolden,30,Blaze,4,2,,20,0,0,,26,20,1,2,2
Palace,B.S.R-NA,27,Wolf,SuperGolden,30,Blaze,4,2,,20,0,0,,26,20,1,2,2
Palace,B.S.R-NA,27,Wolf,SuperGolden,30,Blaze,4,2,,20,0,0,,26,20,1,2,2
Palace,B.S.R-NA,27,Wolf,SuperGolden,30,Blaze,4,2,,20,0,0,,26,20,1,2,2
Palace,B.S.R-NA,27,Wolf,SuperGolden,30,Blaze,4,2,,20,0,0,,26,20,1,2,2
Palace,B.S.R-NA,27,Wolf,SuperGolden,30,Blaze,4,2,,20,0,0,,26,20,1,2,2
Palace,B.S.R-NA,27,Wolf,SuperGolden,30,Blaze,4,2,,19,0,0,,26,20,1,2,2
Palace,B.S.R-NA,27,Wolf,SuperGolden,30,Blaze,4,2,,19,0,0,,26,20,1,2,2
Palace,B.S.R-NA,27,Wolf,SuperGolden,30,Blaze,4,2,,19,0,0,,26,20,1,2,2
Palace,B.S.R-NA,27,Wolf,SuperGolden,30,Blaze,4,2,,19,0,0,,26,20,1,2,2
Palace,B.S.R-NA,27,Wolf,SuperGolden,30,Blaze,4,2,,19,0,0,,26,20,1,2,2
Palace,B.S.R-NA,27,Wolf,SuperGolden,30,Blaze,4,2,,19,0,0,,26,20,1,2,2
Palace,B.S.R-NA,27,Wolf,SuperGolden,30,Blaze,4,2,,19,0,0,,26,20,1,2,2
Palace,B.S.R-NA,27,Wolf,SuperGolden,30,Blaze,4,2,,19,0,0,,26,20,1,2,2
Palace,B.S.R-NA,27,Wolf,SuperGolden,30,Blaze,4,2,,19,0,0,,26,20,1,2,2
Palace,B.S.R-NA,27,Wolf,SuperGolden,30,Blaze,4,2,,19,0,0,,26,20,1,2,2
Palace,B.S.R-NA,27,Wolf,SuperGolden,30,Blaze,4,2,,19,0,0,,26,20,1,2,2
Palace,B.S.R-NA,27,Wolf,SuperGolden,30,Blaze,4,2,,19,0,0,,26,20,1,2,2
Palace,B.S.R-NA,27,Wolf,SuperGolden,30,Blaze,4,2,,19,0,0,,26,20,1,2,2
Palace,B.S.R-NA,27,Wolf,SuperGolden,30,Blaze,4,2,,19,0,0,,26,20,1,2,2
Palace,B.S.R-NA,27,Wolf,SuperGolden,30,Blaze,4,2,,19,0,0,,26,20,1,2,2
Palace,B.S.R-NA,27,Wolf,SuperGolden,30,Blaze,4,2,,19,0,0,,26,20,1,2,2
Palace,B.S.R-NA,27,Wolf,SuperGolden,30,Blaze,4,2,,19,0,0,,26,20,1,2,2
Palace,B.S.R-NA,27,Wolf,SuperGolden,30,Blaze,4,2,,19,0,0,,26,20,1,2,2
Palace,B.S.R-NA,27,Wolf,SuperGolden,30,Blaze,4,2,,19,0,0,,26,20,1,2,2
Palace,B.S.R-NA,27,Wolf,SuperGolden,30,Blaze,4,2,,19,0,0,,26,20,1,2,2
Palace,B.S.R-NA,27,Wolf,SuperGolden,30,Blaze,4,2,,19,0,0,,26,20,1,2,2
Palace,B.S.R-NA,27,Wolf,SuperGolden,30,Blaze,4,2,,19,0,0,,26,20,1,2,2
Palace,B.S.R-NA,27,Wolf,SuperGolden,30,Blaze,4,2,,19,0,0,,26,20,1,2,2
Palace,B.S.R-NA,27,Wolf,SuperGolden,30,Blaze,4,2,,19,0,0,,26,20,1,2,2
Palace,B.S.R-NA,27,Wolf,SuperGolden,30,Blaze,4,2,,19,0,0,,26,20,1,2,2
Palace,B.S.R-NA,27,Wolf,SuperGolden,30,Blaze,4,2,,19,0,0,,26,20,1,2,2
Palace,B.S.R-NA,27,Wolf,SuperGolden,30,Blaze,4,2,,19,0,0,,26,20,1,2,2
Palace,B.S.R-NA,27,Wolf,SuperGolden,30,Blaze,4,2,,19,0,0,,26,20,1,2,2
Palace,B.S.R-NA,27,Wolf,SuperGolden,30,Blaze,4,2,,19,0,0,,26,20,1,2,2
Palace,B.S.R-NA,27,Wolf,SuperGolden,30,Blaze,4,2,,19,0,0,,26,20,1,2,2
Palace,B.S.R-NA,27,Wolf,SuperGolden,30,Blaze,4,2,,19,0,0,,26,20,1,2,2
Palace,B.S.R-NA,27,Wolf,SuperGolden,30,Blaze,4,2,,19,0,0,,26,20,1,2,2
Palace,B.S.R-NA,27,Wolf,SuperGolden,30,Blaze,4,2,,19,0,0,,26,20,1,2,2
Palace,B.S.R-NA,27,Wolf,SuperGolden,30,Blaze,4,2,,19,0,0,,26,20,1,2,2
Palace,B.S.R-NA,27,Wolf,SuperGolden,30,Blaze,4,2,,19,0,0,,26,20,1,2,2
Palace,B.S.R-NA,27,Wolf,SuperGolden,30,Blaze,4,2,,19,0,0,,26,20,1,2,2
Palace,B.S.R-NA,27,Wolf,SuperGolden,30,Blaze,4,2,,19,0,0,,26,20,1,2,2
Palace,B.S.R-NA,27,Wolf,SuperGolden,30,Blaze,4,2,,19,0,0,,26,20,1,2,2
Palace,B.S.R-NA,27,Wolf,SuperGolden,30,Blaze,4,2,,19,0,0,,26,20,1,2,2
Palace,B.S.R-NA,27,Wolf,SuperGolden,30,Blaze,4,2,,19,0,0,,26,20,1,2,2
Palace,B.S.R-NA,27,Wolf,SuperGolden,30,Blaze,4,2,,18,0,0,,26,20,1,2,2
Palace,B.S.R-NA,27,Wolf,SuperGolden,30,Blaze,4,2,,18,0,0,,10,20,1,2,2
Palace,B.S.R-NA,27,Wolf,SuperGolden,30,Blaze,4,2,,18,0,0,,7,20,1,2,2
Palace,B.S.R-NA,27,Wolf,SuperGolden,30,Blaze,4,2,,18,0,0,,7,18,1,2,2
Palace,B.S.R-NA,27,Wolf,SuperGolden,30,Blaze,4,2,,17,0,0,,7,14,1,2,2
Palace,B.S.R-NA,27,Wolf,SuperGolden,30,Blaze,4,2,,17,0,0,,8,16,1,2,2
Palace,B.S.R-NA,27,Wolf,SuperGolden,30,Blaze,4,2,,17,0,0,,7,19,1,2,2
Palace,B.S.R-NA,27,Wolf,SuperGolden,30,Blaze,4,2,,17,0,0,,7,19,1,2,2
Palace,B.S.R-NA,27,Wolf,SuperGolden,30,Blaze,4,2,,17,0,0,,8,20,1,2,2
Palace,B.S.R-NA,27,Wolf,SuperGolden,30,Blaze,4,2,,17,0,0,,8,20,1,2,2
Palace,B.S.R-NA,27,Wolf,SuperGolden,30,Blaze,4,2,,16,0,0,,8,20,1,2,2
Palace,B.S.R-NA,27,Wolf,SuperGolden,30,Blaze,4,2,,16,0,0,,8,20,1,2,2
Palace,B.S.R-NA,27,Wolf,SuperGolden,30,Blaze,4,2,,16,0,0,,8,20,1,2,2
Palace,B.S.R-NA,27,Wolf,SuperGolden,30,Blaze,4,2,,16,0,0,,8,20,1,2,2
Palace,B.S.R-NA,27,Wolf,SuperGolden,30,Blaze,4,2,,16,0,0,,8,20,1,2,2
Palace,B.S.R-NA,27,Wolf,SuperGolden,30,Blaze,4,2,,16,0,0,,8,20,1,2,2
Palace,B.S.R-NA,27,Wolf,SuperGolden,30,Blaze,4,2,,15,0,0,,8,20,1,2,2
Palace,B.S.R-NA,27,Wolf,SuperGolden,30,Blaze,4,2,,15,0,0,,8,20,1,2,2
Palace,B.S.R-NA,27,Wolf,SuperGolden,30,Blaze,4,2,,15,0,0,,8,20,1,2,2
Palace,B.S.R-NA,27,Wolf,SuperGolden,30,Blaze,4,2,,15,0,0,,8,20,1,2,2
Palace,B.S.R-NA,27,Wolf,SuperGolden,30,Blaze,4,2,,15,0,0,,8,20,1,2,2
Palace,B.S.R-NA,27,Wolf,SuperGolden,30,Blaze,4,2,,15,0,0,,8,20,1,2,2
Palace,B.S.R-NA,27,Wolf,SuperGolden,30,Blaze,4,2,,14,0,0,,3,20,1,2,2
Palace,B.S.R-NA,27,Wolf,SuperGolden,30,Blaze,4,2,,14,0,0,,3,20,1,2,2
Palace,B.S.R-NA,27,Wolf,SuperGolden,30,Blaze,4,2,KO,14.00,,,,3,20,1,3,2